"Rank","Player","Position","Position Rank","ADP on March 25","ADP on April  1","ADP Change"
1,"Bijan Robinson","RB","RB1",1.3,1.4,0.1
2,"Jahmyr Gibbs","RB","RB2",1.8,1.8,0
3,"Ja'Marr Chase","WR","WR1",3.7,3.4,-0.3
4,"Puka Nacua","WR","WR2",3.4,3.9,0.5
5,"Jaxon Smith-Njigba","WR","WR3",5.2,5.1,-0.1
6,"Jonathan Taylor","RB","RB3",6.5,6.4,-0.1
7,"Christian McCaffrey","RB","RB4",7.2,7.5,0.3
8,"CeeDee Lamb","WR","WR4",8.8,8.5,-0.3
9,"Amon-Ra St. Brown","WR","WR5",9,9,0
10,"Justin Jefferson","WR","WR6",10.1,10.1,0
11,"James Cook","RB","RB5",11.1,11,-0.1
12,"Ashton Jeanty","RB","RB6",11.8,11.9,0.1
13,"De'Von Achane","RB","RB7",13.1,13.5,0.4
14,"Omarion Hampton","RB","RB8",15.1,15.3,0.2
15,"Jeremiyah Love","RB","RB9",16,15.6,-0.4
16,"Saquon Barkley","RB","RB10",16.2,16,-0.2
17,"Malik Nabers","WR","WR7",18.1,17.7,-0.4
18,"Trey McBride","TE","TE1",18.3,18.9,0.6
19,"Kenneth Walker III","RB","RB11",20,19.1,-0.9
20,"Drake London","WR","WR8",19.4,19.5,0.1
21,"Derrick Henry","RB","RB12",20.6,20.4,-0.2
22,"Chase Brown","RB","RB13",22.1,21.9,-0.2
23,"Brock Bowers","TE","TE2",23.3,23.3,0
24,"George Pickens","WR","WR9",23.6,23.9,0.3
25,"Nico Collins","WR","WR10",24.2,24.4,0.2
26,"Chris Olave","WR","WR11",27,27,0
27,"Josh Jacobs","RB","RB14",27.1,27.2,0.1
28,"Josh Allen","QB","QB1",29.3,29,-0.3
29,"A.J. Brown","WR","WR12",29.8,29.4,-0.4
30,"Travis Etienne Jr.","RB","RB15",30.2,30.3,0.1
31,"Tetairoa McMillan","WR","WR13",31.9,31.6,-0.3
32,"Breece Hall","RB","RB16",31.5,32.4,0.9
33,"Tee Higgins","WR","WR14",33.2,32.9,-0.3
34,"Kyren Williams","RB","RB17",34.5,34.3,-0.2
35,"Rashee Rice","WR","WR15",34.8,35.1,0.3
36,"Garrett Wilson","WR","WR16",36.9,36.6,-0.3
37,"Bucky Irving","RB","RB18",35.9,36.9,1
38,"Ladd McConkey","WR","WR17",38.7,38.8,0.1
39,"Emeka Egbuka","WR","WR18",39.4,39,-0.4
40,"Javonte Williams","RB","RB19",40.1,40.4,0.3
41,"Zay Flowers","WR","WR19",40.9,40.6,-0.3
42,"DeVonta Smith","WR","WR20",41.9,41.5,-0.4
43,"Luther Burden","WR","WR21",43.2,42.3,-0.9
44,"Jameson Williams","WR","WR22",44.6,45.1,0.5
45,"Colston Loveland","TE","TE3",45.7,46,0.3
46,"Jaylen Waddle","WR","WR23",47.2,47.2,0
47,"Terry McLaurin","WR","WR24",47.9,47.5,-0.4
48,"TreVeyon Henderson","RB","RB20",48.5,48.7,0.2
49,"Davante Adams","WR","WR25",46.7,48.8,2.1
50,"Mike Evans","WR","WR26",51.6,49.8,-1.8
51,"Lamar Jackson","QB","QB2",50.9,50.9,0
52,"Rome Odunze","WR","WR27",53.5,52.8,-0.7
53,"Quinshon Judkins","RB","RB21",52.2,53.8,1.6
54,"D.J. Moore","WR","WR28",58.9,54.1,-4.8
55,"Carnell Tate","WR","WR29",56.5,56.5,0
56,"Bhayshul Tuten","RB","RB22",60,56.8,-3.2
57,"Cam Skattebo","RB","RB22",55.9,56.8,0.9
58,"David Montgomery","RB","RB24",61.6,57,-4.6
59,"Christian Watson","WR","WR30",57.4,58.7,1.3
60,"D'Andre Swift","RB","RB25",58.3,60.6,2.3
61,"Brian Thomas","WR","WR31",60.8,61.9,1.1
62,"Jayden Daniels","QB","QB3",62.9,62.4,-0.5
63,"Makai Lemon","WR","WR32",63.5,63.4,-0.1
64,"Joe Burrow","QB","QB4",64.5,64.7,0.2
65,"Marvin Harrison","WR","WR33",65.7,64.7,-1
66,"RJ Harvey","RB","RB26",63.2,66.5,3.3
67,"Tyler Warren","TE","TE4",67.7,68.1,0.4
68,"Caleb Williams","QB","QB5",68.6,68.5,-0.1
69,"Alec Pierce","WR","WR34",70.4,68.8,-1.6
70,"Jalen Hurts","QB","QB6",69.4,69.6,0.2
71,"Jordyn Tyson","WR","WR35",69,70.8,1.8
72,"Drake Maye","QB","QB7",71.7,71.9,0.2
73,"Parker Washington","WR","WR36",73.2,72.9,-0.3
74,"Chuba Hubbard","RB","RB27",77.3,73.8,-3.5
75,"Courtland Sutton","WR","WR37",73.7,74.3,0.6
76,"DK Metcalf","WR","WR38",75.6,76.9,1.3
77,"Michael Wilson","WR","WR39",77.6,77.5,-0.1
78,"Jaylen Warren","RB","RB28",76.4,78.1,1.7
79,"Rhamondre Stevenson","RB","RB29",79.6,79.2,-0.4
80,"Harold Fannin","TE","TE5",79.4,80.4,1
81,"Dak Prescott","QB","QB8",81,80.6,-0.4
82,"Justin Herbert","QB","QB9",82.9,82.6,-0.3
83,"Trevor Lawrence","QB","QB10",84.6,83.9,-0.7
84,"Ricky Pearsall","WR","WR40",82.8,85.2,2.4
85,"Jaxson Dart","QB","QB11",85.1,86.5,1.4
86,"Jordan Addison","WR","WR41",88.8,87.1,-1.7
87,"Jakobi Meyers","WR","WR42",86.6,87.2,0.6
88,"Tyler Allgeier","RB","RB30",87.5,87.5,0
89,"Tucker Kraft","TE","TE6",88.6,89.2,0.6
90,"Patrick Mahomes","QB","QB12",90.5,89.3,-1.2
91,"Rico Dowdle","RB","RB31",92.4,91.3,-1.1
92,"Chris Godwin","WR","WR43",94.4,91.4,-3
93,"Kyle Monangai","RB","RB32",92.3,93.4,1.1
94,"Brock Purdy","QB","QB13",95.2,94.6,-0.6
95,"Romeo Doubs","WR","WR44",103.8,95.7,-8.1
96,"Bo Nix","QB","QB14",98.3,97.1,-1.2
97,"Michael Pittman Jr.","WR","WR45",96.2,97.5,1.3
98,"Kyle Pitts","TE","TE7",97.1,99,1.9
99,"Blake Corum","RB","RB33",98.8,99.8,1
100,"Quentin Johnston","WR","WR46",99.5,101.4,1.9
101,"Sam LaPorta","TE","TE8",100.4,101.6,1.2
102,"J.K. Dobbins","RB","RB34",107.9,102.3,-5.6
103,"Matthew Stafford","QB","QB15",101.2,102.3,1.1
104,"Wan'Dale Robinson","WR","WR47",103.2,102.4,-0.8
105,"Tony Pollard","RB","RB35",102.6,105.1,2.5
106,"Jared Goff","QB","QB16",105.5,105.4,-0.1
107,"Jayden Reed","WR","WR48",107.1,105.6,-1.5
108,"Kyler Murray","QB","QB17",109,106.1,-2.9
109,"Jadarian Price","RB","RB36",104.8,108.3,3.5
110,"Jordan Love","QB","QB18",108.7,109.1,0.4
111,"Xavier Worthy","WR","WR49",107,109.2,2.2
112,"Baker Mayfield","QB","QB19",111.9,111.5,-0.4
113,"Oronde Gadsden","TE","TE9",111,112.2,1.2
114,"Kenneth Gainwell","RB","RB37",114.6,114.5,-0.1
115,"Jalen Coker","WR","WR50",117.1,116.6,-0.5
116,"KC Concepcion","WR","WR51",123.9,117.1,-6.8
117,"Tyler Shough","QB","QB20",118.8,118.6,-0.2
118,"Jordan Mason","RB","RB38",118.9,119.8,0.9
119,"Dalton Kincaid","TE","TE10",117.6,119.9,2.3
120,"Josh Downs","WR","WR52",126.2,121.3,-4.9
121,"Matthew Golden","WR","WR53",120.4,121.8,1.4
122,"George Kittle","TE","TE11",123.5,123.1,-0.4
123,"Malik Willis","QB","QB21",122.5,123.9,1.4
124,"Jayden Higgins","WR","WR54",126.8,125.2,-1.6
125,"Rachaad White","RB","RB39",128.5,125.9,-2.6
126,"Khalil Shakir","WR","WR55",124.6,126.8,2.2
127,"Jake Ferguson","TE","TE12",128.2,128,-0.2
128,"Jonah Coleman","RB","RB40",125.9,129.2,3.3
129,"Sam Darnold","QB","QB22",130.4,129.5,-0.9
130,"Kenyon Sadiq","TE","TE13",126.1,131.2,5.1
131,"Jalen McMillan","WR","WR56",136.5,132.4,-4.1
132,"Mike Washington Jr.","RB","RB41",134.9,133.1,-1.8
133,"Travis Kelce","TE","TE14",139.1,133.3,-5.8
134,"C.J. Stroud","QB","QB23",135.8,135.5,-0.3
135,"Jauan Jennings","WR","WR57",129.8,136,6.2
136,"Dallas Goedert","TE","TE15",138.5,137.2,-1.3
137,"Aaron Jones","RB","RB42",142.5,137.4,-5.1
138,"Denzel Boston","WR","WR58",133.8,137.7,3.9
139,"Jacory Croskey-Merritt","RB","RB43",134.5,139.6,5.1
140,"Chris Rodriguez","RB","RB44",145.1,140,-5.1
141,"Rashid Shaheed","WR","WR59",139.4,141.4,2
142,"Cam Ward","QB","QB24",142.6,141.7,-0.9
143,"Omar Cooper Jr.","WR","WR60",149.2,142.4,-6.8
144,"Isaiah Likely","TE","TE16",146.7,142.6,-4.1
145,"Daniel Jones","QB","QB25",147.7,144.5,-3.2
146,"Zach Charbonnet","RB","RB45",144.4,146.1,1.7
147,"Bryce Young","QB","QB26",146.4,147.1,0.7
148,"Mark Andrews","TE","TE17",149.7,147.3,-2.4
149,"Tyrone Tracy","RB","RB46",144.1,149,4.9
150,"Fernando Mendoza","QB","QB27",148.7,149.8,1.1
151,"Jonathon Brooks","RB","RB47",153.4,150.1,-3.3
152,"Stefon Diggs","WR","WR61",141.7,150.4,8.7
153,"Brenton Strange","TE","TE18",146.6,150.7,4.1
154,"Travis Hunter","WR","WR62",153.9,153.6,-0.3
155,"Brandon Aiyuk","WR","WR63",151.9,154.3,2.4
156,"Keaton Mitchell","RB","RB48",157.5,155.2,-2.3
157,"Juwan Johnson","TE","TE19",155.7,156.5,0.8
158,"Jacoby Brissett","QB","QB28",159.9,157.2,-2.7
159,"Jerry Jeudy","WR","WR64",161.5,160.8,-0.7
160,"Deebo Samuel","WR","WR65",156.3,161,4.7
161,"Hunter Henry","TE","TE20",161.7,161.1,-0.6
162,"James Conner","RB","RB49",157.8,161.7,3.9
163,"Chig Okonkwo","TE","TE21",165.9,161.9,-4
164,"Woody Marks","RB","RB50",159.2,162.8,3.6
165,"Emanuel Wilson","RB","RB51",169.9,164.9,-5
166,"Emmett Johnson","RB","RB52",164,166.8,2.8
167,"Isiah Pacheco","RB","RB53",169,167.8,-1.2
168,"Kayshon Boutte","WR","WR66",167.3,169.1,1.8
169,"Adonai Mitchell","WR","WR67",172.2,169.9,-2.3
170,"Geno Smith","QB","QB29",175.8,170.9,-4.9
171,"Calvin Ridley","WR","WR68",173.3,172.3,-1
172,"Isaac TeSlaa","WR","WR69",173.7,172.9,-0.8
173,"AJ Barner","TE","TE22",174.3,173.8,-0.5
174,"Jalen Nailor","WR","WR70",176.5,174.9,-1.6
175,"T.J. Hockenson","TE","TE23",176.3,175.3,-1
176,"Tyreek Hill","WR","WR71",168.2,175.9,7.7
177,"Tyjae Spears","RB","RB54",171.8,176.8,5
178,"Dylan Sampson","RB","RB55",180.2,178.4,-1.8
179,"Dalton Schultz","TE","TE24",178.2,178.7,0.5
180,"Tank Dell","WR","WR72",178.3,179.2,0.9
181,"Tre' Harris","WR","WR73",181.3,182.2,0.9
182,"Brian Robinson","RB","RB56",198.1,183.2,-14.9
183,"Eli Stowers","TE","TE25",185.7,183.3,-2.4
184,"Sean Tucker","RB","RB57",182.2,185.2,3
185,"Tank Bigsby","RB","RB58",186.9,185.8,-1.1
186,"Darnell Mooney","WR","WR74",189.4,186.2,-3.2
187,"Christian Kirk","WR","WR75",194.9,186.9,-8
188,"Malik Washington","WR","WR76",192.6,189.1,-3.5
189,"Chimere Dike","WR","WR77",185.3,189.5,4.2
190,"David Njoku","TE","TE26",189.5,192.3,2.8
191,"Nicholas Singleton","RB","RB59",197.8,192.9,-4.9
192,"Tre Tucker","WR","WR78",191.2,193,1.8
193,"Alvin Kamara","RB","RB60",190.8,193.4,2.6
194,"Mason Taylor","TE","TE27",195.7,193.7,-2
195,"Tua Tagovailoa","QB","QB30",199.1,195.7,-3.4
196,"Cade Otton","TE","TE28",197.2,197.1,-0.1
197,"Gunnar Helm","TE","TE29",201.1,199.5,-1.6
198,"Braelon Allen","RB","RB61",199.3,200,0.7
199,"Pat Bryant","WR","WR79",191.7,202.9,11.2
200,"Kimani Vidal","RB","RB62",197.8,203.8,6
201,"Aaron Rodgers","QB","QB31",210.7,203.9,-6.8
202,"Elijah Sarratt","WR","WR80",205.4,204.4,-1
203,"Ryan Flournoy","WR","WR81",206.2,204.5,-1.7
204,"Chris Brazzell II","WR","WR82",211.2,205.3,-5.9
205,"Terrance Ferguson","TE","TE30",207.5,207.3,-0.2
206,"Kaytron Allen","RB","RB63",204.3,207.9,3.6
207,"Pat Freiermuth","TE","TE31",210.9,209,-1.9
208,"Troy Franklin","WR","WR83",196.7,209.2,12.5
209,"Ray Davis","RB","RB64",209.8,210.3,0.5
210,"Trey Benson","RB","RB65",190.5,210.9,20.4
211,"Hollywood Brown","WR","WR84",211.9,211.5,-0.4
212,"Germie Bernard","WR","WR85",218.6,212.8,-5.8
213,"Tory Horton","WR","WR86",210.5,213.2,2.7
214,"Zachariah Branch","WR","WR87",212.7,213.2,0.5
215,"Jordan James","RB","RB66",234,214.5,-19.5
216,"Najee Harris","RB","RB67",229.5,215.6,-13.9
217,"Michael Penix","QB","QB32",210.7,217,6.3
218,"Jake Tonges","TE","TE32",217.4,219.9,2.5
219,"Elic Ayomanor","WR","WR88",221.9,222.6,0.7
220,"Ollie Gordon","RB","RB68",220.4,223.3,2.9
221,"Ty Simpson","QB","QB33",230.3,223.7,-6.6
222,"Devaughn Vele","WR","WR89",223.3,224.6,1.3
223,"Colby Parkinson","TE","TE33",225.3,225.4,0.1
224,"Kyle Williams","WR","WR90",225,226.4,1.4
225,"George Holani","RB","RB69",218.9,226.5,7.6
226,"Shedeur Sanders","QB","QB34",225,227.2,2.2
227,"Tez Johnson","WR","WR91",230.6,230.1,-0.5
228,"Chris Bell","WR","WR92",235.1,230.4,-4.7
229,"Cooper Kupp","WR","WR93",230.1,230.8,0.7
230,"Ted Hurst","WR","WR93",235.9,230.8,-5.1
231,"Mike Gesicki","TE","TE34",232.1,230.9,-1.2
232,"Justice Hill","RB","RB70",232.7,231.2,-1.5
233,"Jaydon Blue","RB","RB71",229.1,231.5,2.4
234,"Demond Claiborne","RB","RB72",228.6,233.4,4.8
235,"Rashod Bateman","WR","WR95",233,233.7,0.7
236,"Ja'Kobi Lane","WR","WR96",227.9,233.8,5.9
237,"Theo Johnson","TE","TE35",231.6,233.9,2.3
238,"Jaylin Noel","WR","WR97",231.1,234,2.9
239,"Dontayvion Wicks","WR","WR98",232.2,234.2,2
240,"Justin Fields","QB","QB35",230,234.3,4.3
241,"Deshaun Watson","QB","QB36",238.1,235.1,-3
242,"Emari Demercado","RB","RB73",233.1,235.2,2.1
243,"Jalen Tolbert","WR","WR99",233.4,235.2,1.8
244,"Greg Dulcich","TE","TE36",235.2,235.4,0.2
245,"Antonio Williams","WR","WR100",237.4,235.8,-1.6
246,"Evan Engram","TE","TE37",236,236,0
247,"Jahan Dotson","WR","WR101",238.3,236.6,-1.7
248,"Keenan Allen","WR","WR103",236.6,236.7,0.1
249,"Keon Coleman","WR","WR102",234.4,236.7,2.3
250,"Adam Randall","RB","RB74",236.7,237.2,0.5
251,"DJ Giddens","RB","RB75",238.3,237.3,-1
252,"Tyquan Thornton","WR","WR104",236.7,237.8,1.1
253,"Jaylen Wright","RB","RB76",236.9,237.9,1
254,"Joe Mixon","RB","RB77",237.7,238,0.3
255,"LeQuint Allen","RB","RB79",235.9,238.4,2.5
256,"Seth McGowan","RB","RB78",238.8,238.4,-0.4
257,"Darius Slayton","WR","WR106",237.9,238.5,0.6
258,"Malachi Fields","WR","WR105",239.3,238.5,-0.8
259,"Chris Brooks","RB","RB80",239.4,238.6,-0.8
260,"Darnell Washington","TE","TE38",238.4,238.6,0.2
261,"Skyler Bell","WR","WR107",239,238.7,-0.3
262,"Kirk Cousins","QB","QB38",239.4,238.8,-0.6
263,"Mac Jones","QB","QB37",238.6,238.8,0.2
264,"Michael Mayer","TE","TE39",239.6,238.8,-0.8
265,"Andrei Iosivas","WR","WR110",239.2,238.9,-0.3
266,"Jack Bech","WR","WR108",238.8,238.9,0.1
267,"Kendrick Bourne","WR","WR110",239.5,238.9,-0.6
268,"Mack Hollins","WR","WR109",238.5,238.9,0.4
269,"Isaiah Bond","WR","WR112",239,239,0
270,"Kaleb Johnson","RB","RB81",239.1,239.1,0
271,"Elijah Arroyo","TE","TE40",239.2,239.2,0
272,"Isaac Guerendo","RB","RB82",239.8,239.2,-0.6
273,"J.J. McCarthy","QB","QB39",238.9,239.2,0.3
274,"Bryce Lance","WR","WR113",239.4,239.3,-0.1
275,"Dawson Knox","TE","TE41",238.8,239.3,0.5
276,"Cole Kmet","TE","TE42",239.4,239.4,0
277,"Devin Neal","RB","RB83",239.6,239.4,-0.2
278,"Tutu Atwell","WR","WR114",238.3,239.4,1.1
279,"Ty Johnson","RB","RB84",238.4,239.4,1
280,"Brashard Smith","RB","RB85",239.4,239.5,0.1
281,"Devontez Walker","WR","WR115",239.6,239.5,-0.1
282,"MarShawn Lloyd","RB","RB86",239.3,239.5,0.2
283,"Max Klare","TE","TE44",239.1,239.5,0.4
284,"Olamide Zaccheaus","WR","WR117",238.9,239.5,0.6
285,"Oscar Delp","TE","TE45",239.9,239.5,-0.4
286,"Tyler Higbee","TE","TE43",239.8,239.5,-0.3
287,"Xavier Legette","WR","WR115",239.4,239.5,0.1
288,"DeMario Douglas","WR","WR118",239.8,239.6,-0.2
289,"Ja'Tavion Sanders","TE","TE46",239.2,239.6,0.4
290,"Kalif Raymond","WR","WR119",239.9,239.6,-0.3
291,"Luke McCaffrey","WR","WR120",239.8,239.6,-0.2
292,"Samaje Perine","RB","RB87",239.8,239.6,-0.2
293,"Anthony Richardson","QB","QB40",239.4,239.7,0.3
294,"Chris Oladokun","QB","QB44",239.7,239.7,0
295,"Dresser Winn","QB","QB43",239.7,239.7,0
296,"Gardner Minshew II","QB","QB41",239.9,239.7,-0.2
297,"Jaylin Lane","WR","WR122",239.6,239.7,0.1
298,"Malik Davis","RB","RB88",239.9,239.7,-0.2
299,"Marvin Mims Jr.","WR","WR121",238.7,239.7,1
300,"Michael Trigg","TE","TE48",239.8,239.7,-0.1
301,"Sam Roush","TE","TE47",239.8,239.7,-0.1
302,"Tahj Brooks","RB","RB89",239.8,239.7,-0.1
303,"Calvin Austin III","WR","WR123",239.4,239.8,0.4
304,"Hendon Hooker","QB","QB43",239.8,239.8,0
305,"Isaiah Hodgins","WR","WR124",239.8,239.8,0
306,"J'Mari Taylor","RB","RB93",239.6,239.8,0.2
307,"Jalen Milroe","QB","QB42",239.9,239.8,-0.1
308,"Jerome Ford","RB","RB90",238.8,239.8,1
309,"Joe Flacco","QB","QB43",240,239.8,-0.2
310,"John Metchie III","WR","WR126",239.8,239.8,0
311,"KaVontae Turpin","WR","WR127",239.9,239.8,-0.1
312,"Kaden Davis","WR","WR123",239.8,239.8,0
313,"Kaelon Black","RB","RB93",240,239.8,-0.2
314,"Kareem Hunt","RB","RB91",239.7,239.8,0.1
315,"KeAndre Lambert-Smith","WR","WR125",239.9,239.8,-0.1
316,"Tanner Conner","TE","TE50",239.8,239.8,0
317,"Trevor Etienne","RB","RB92",239.7,239.8,0.1
318,"Treylon Burks","WR","WR124",239.3,239.8,0.5
319,"Charlie Kolar","TE","TE55",239.6,239.9,0.3
320,"Cody White","WR","WR135",239.9,239.9,0
321,"De'Zhaun Stribling","WR","WR130",240,239.9,-0.1
322,"Demarcus Robinson","WR","WR134",240,239.9,-0.1
323,"Dont'e Thornton","WR","WR135",239.8,239.9,0.1
324,"Elijah Moore","WR","WR128",240,239.9,-0.1
325,"Erick All","TE","TE54",240,239.9,-0.1
326,"Greg Dortch","WR","WR133",239.9,239.9,0
327,"Isaiah Davis","RB","RB97",239.7,239.9,0.2
328,"Jam Miller","RB","RB96",239.8,239.9,0.1
329,"Jarquez Hunter","RB","RB97",239.9,239.9,0
330,"Jaydn Ott","RB","RB95",239.8,239.9,0.1
331,"Joe Milton","QB","QB44",240,239.9,-0.1
332,"Kenny McIntosh","RB","RB102",239.9,239.9,0
333,"Le'Veon Moss","RB","RB97",239.9,239.9,0
334,"Marlin Klein","TE","TE51",240,239.9,-0.1
335,"Mason Rudolph","QB","QB47",239.9,239.9,0
336,"Michael Carter","RB","RB100",239.9,239.9,0
337,"Michael Jacobson","TE","TE50",239.9,239.9,0
338,"Mitchell Evans","TE","TE51",240,239.9,-0.1
339,"Nick Westbrook-Ikhine","WR","WR129",240,239.9,-0.1
340,"Noah Fant","TE","TE53",239.7,239.9,0.2
341,"Odell Beckham Jr.","WR","WR130",240,239.9,-0.1
342,"Quinn Ewers","QB","QB46",239.9,239.9,0
343,"Riley Leonard","QB","QB45",240,239.9,-0.1
344,"Roman Hemby","RB","RB102",239.8,239.9,0.1
345,"Savion Williams","WR","WR132",239.8,239.9,0.1
346,"Tai Felton","WR","WR133",240,239.9,-0.1
347,"Terion Stewart","RB","RB101",240,239.9,-0.1
348,"Treyton Welch","TE","TE49",239.9,239.9,0
349,"Ty Chandler","RB","RB96",239.9,239.9,0
350,"Tylan Wallace","WR","WR132",239.9,239.9,0
351,"Tyler Conklin","TE","TE51",240,239.9,-0.1
352,"Tyler Huntley","QB","QB48",240,239.9,-0.1
353,"Will Howard","QB","QB47",240,239.9,-0.1
354,"Will Shipley","RB","RB97",239.9,239.9,0
355,"Zach Ertz","TE","TE50",240,239.9,-0.1
356,"AJ Dillon","RB","RB113",240,240,0
357,"Adam Trautman","TE","TE69",240,240,0
358,"Andrew Armstrong","WR","WR152",240,240,0
359,"Ashton Dulin","WR","WR136",240,240,0
360,"Audric Estime","RB","RB114",240,240,0
361,"Austin Ekeler","RB","RB108",240,240,0
362,"Austin Hooper","TE","TE61",240,240,0
363,"Ben Sinnott","TE","TE61",240,240,0
364,"Ben Skowronek","WR","WR156",240,240,0
365,"Brenen Thompson","WR","WR142",239.9,240,0.1
366,"Brevyn Spann-Ford","TE","TE64",240,240,0
367,"CJ Daniels","WR","WR148",240,240,0
368,"Cade Stover","TE","TE68",240,240,0
369,"Caleb Douglas","WR","WR140",240,240,0
370,"Carson Beck","QB","QB56",240,240,0
371,"Carson Wentz","QB","QB49",240,240,0
372,"Cedric Tillman","WR","WR136",239.9,240,0.1
373,"Chase Claypool","WR","WR156",240,240,0
374,"Chip Trayanum","RB","RB104",240,240,0
375,"Colbie Young","WR","WR157",240,240,0
376,"Cole Payton","QB","QB52",240,240,0
377,"Dallen Bentley","TE","TE58",240,240,0
378,"Damien Martinez","RB","RB108",240,240,0
379,"Daniel Bellinger","TE","TE58",240,240,0
380,"Darius Cooper","WR","WR156",240,240,0
381,"Darren Waller","TE","TE61",239.9,240,0.1
382,"David Sills","WR","WR163",240,240,0
383,"Davis Mills","QB","QB53",240,240,0
384,"DeAndre Hopkins","WR","WR142",240,240,0
385,"Dean Conners","RB","RB107",240,240,0
386,"Deion Burks","WR","WR136",240,240,0
387,"Desmond Reid","RB","RB110",240,240,0
388,"Devin Culp","TE","TE66",240,240,0
389,"Devin Singletary","RB","RB113",239.9,240,0.1
390,"Drew Allar","QB","QB53",239.7,240,0.3
391,"Dyami Brown","WR","WR148",239.9,240,0.1
392,"Dylan Laube","RB","RB105",240,240,0
393,"Efton Chism","WR","WR156",240,240,0
394,"Eli Raridon","TE","TE61",240,240,0
395,"Elijah Higgins","TE","TE68",240,240,0
396,"Eric McAlister","WR","WR148",239.9,240,0.1
397,"Foster Moreau","TE","TE61",240,240,0
398,"Garrett Nussmeier","QB","QB54",240,240,0
399,"Grant Calcaterra","TE","TE66",240,240,0
400,"Isaiah Williams","WR","WR142",240,240,0
401,"Ja'Lynn Polk","WR","WR142",240,240,0
402,"Jack Endries","TE","TE64",240,240,0
403,"Jacob Cowing","WR","WR148",240,240,0
404,"Jake Bobo","WR","WR152",240,240,0
405,"Jaleel McLaughlin","RB","RB113",240,240,0
406,"Jalen Royals","WR","WR143",240,240,0
407,"Jameis Winston","QB","QB51",240,240,0
408,"Jarrett Stidham","QB","QB54",240,240,0
409,"Jawhar Jordan","RB","RB113",239.9,240,0.1
410,"Jeremy McNichols","RB","RB107",240,240,0
411,"Jimmy Horn","WR","WR142",240,240,0
412,"Jonnu Smith","TE","TE56",240,240,0
413,"Jordan Watkins","WR","WR148",240,240,0
414,"Jordan Whittington","WR","WR154",240,240,0
415,"Josh Johnson","QB","QB53",240,240,0
416,"Josh Oliver","TE","TE62",240,240,0
417,"Joshua Palmer","WR","WR148",240,240,0
418,"Justin Joly","TE","TE56",240,240,0
419,"Kalel Mullings","RB","RB110",240,240,0
420,"Kendre Miller","RB","RB113",240,240,0
421,"Kevin Austin","WR","WR148",240,240,0
422,"Konata Mumpfield","WR","WR140",239.9,240,0.1
423,"Kyle Allen","QB","QB56",240,240,0
424,"La'Mical Perine","RB","RB113",240,240,0
425,"LaJohntay Wester","WR","WR159",240,240,0
426,"Lew Nichols","RB","RB107",240,240,0
427,"Lewis Bond","WR","WR148",240,240,0
428,"Luke Musgrave","TE","TE61",239.8,240,0.2
429,"Luke Schoonmaker","TE","TE70",240,240,0
430,"Malachi Corley","WR","WR152",240,240,0
431,"Malik Flowers","WR","WR157",239.9,240,0.1
432,"Marcus Mariota","QB","QB49",239.9,240,0.1
433,"Mason Tipton","WR","WR154",240,240,0
434,"Mathew Sexton","WR","WR148",240,240,0
435,"Miles Sanders","RB","RB104",240,240,0
436,"Mitch Tinsley","WR","WR146",240,240,0
437,"Mo Alie-Cox","TE","TE64",240,240,0
438,"Nathan Carter","RB","RB113",240,240,0
439,"Nick Chubb","RB","RB106",240,240,0
440,"Nick Mullens","QB","QB60",240,240,0
441,"Noah Gray","TE","TE61",240,240,0
442,"Noah Whittington","RB","RB106",240,240,0
443,"Phil Mafah","RB","RB113",240,240,0
444,"Raheim Sanders","RB","RB110",240,240,0
445,"Rahsul Faison","RB","RB106",240,240,0
446,"Rasheen Ali","RB","RB106",239.9,240,0.1
447,"Roman Wilson","WR","WR156",240,240,0
448,"Sam Howell","QB","QB53",240,240,0
449,"Sione Vaki","RB","RB110",240,240,0
450,"Spencer Rattler","QB","QB57",239.9,240,0.1
451,"Tanner Koziol","TE","TE69",239.9,240,0.1
452,"Tanner McKee","QB","QB54",240,240,0
453,"Taylen Green","QB","QB51",239.6,240,0.4
454,"Taysom Hill","TE","TE61",240,240,0
455,"Teddy Bridgewater","QB","QB61",239.9,240,0.1
456,"Theo Wease","WR","WR152",239.9,240,0.1
457,"Tommy Tremble","TE","TE58",239.9,240,0.1
458,"Travis Homer","RB","RB107",239.9,240,0.1
459,"Trinidad Chambliss","QB","QB60",240,240,0
460,"Trishton Jackson","WR","WR150",240,240,0
461,"Tyler Scott","WR","WR156",240,240,0
462,"Tyrell Shavers","WR","WR142",240,240,0
463,"Tyson Bagent","QB","QB54",240,240,0
464,"Van Jefferson","WR","WR154",240,240,0
465,"Will Levis","QB","QB53",240,240,0
466,"Xavier Hutchinson","WR","WR139",240,240,0
467,"Xavier Smith","WR","WR148",240,240,0
468,"Zavier Scott","RB","RB114",240,240,0
