player_name,position,pos_rank,adp,adp_prev,adp_change,snapshot_date,team,fpts_ppr,model_overall_rank,model_pos_rank_str,value_score
Bijan Robinson,RB,RB1,1.4,1.3,-0.1,2026-04-01,ATL,370.5,2.0,RB1,-0.6
Jahmyr Gibbs,RB,RB2,1.8,1.8,-0.0,2026-04-01,DET,337.0,5.0,RB2,-3.2
Ja'Marr Chase,WR,WR1,3.4,3.7,0.3,2026-04-01,CIN,304.6,12.0,WR3,-8.6
Puka Nacua,WR,WR2,3.9,3.4,-0.5,2026-04-01,LA,341.1,4.0,WR1,-0.1
Jaxon Smith-Njigba,WR,WR3,5.1,5.2,0.1,2026-04-01,SEA,302.3,13.0,WR4,-7.9
Jonathan Taylor,RB,RB3,6.4,6.5,0.1,2026-04-01,IND,266.2,29.0,RB5,-22.6
Christian McCaffrey,RB,RB4,7.5,7.2,-0.3,2026-04-01,SF,263.4,30.0,RB6,-22.5
CeeDee Lamb,WR,WR4,8.5,8.8,0.3,2026-04-01,DAL,248.2,37.0,WR9,-28.5
Amon-Ra St. Brown,WR,WR5,9.0,9.0,-0.0,2026-04-01,DET,306.6,10.0,WR2,-1.0
Justin Jefferson,WR,WR6,10.1,10.1,-0.0,2026-04-01,MIN,234.9,41.0,WR11,-30.9
James Cook,RB,RB5,11.0,11.1,0.1,2026-04-01,BUF,283.0,23.0,RB4,-12.0
Ashton Jeanty,RB,RB6,11.9,11.8,-0.1,2026-04-01,LV,226.3,46.0,RB8,-34.1
De'Von Achane,RB,RB7,13.5,13.1,-0.4,2026-04-01,MIA,336.3,6.0,RB3,7.5
Omarion Hampton,RB,RB8,15.3,15.1,-0.2,2026-04-01,LAC,173.2,89.0,RB20,-73.7
Jeremiyah Love,RB,RB9,15.6,16.0,0.4,2026-04-01,,,,,
Saquon Barkley,RB,RB10,16.0,16.2,0.2,2026-04-01,PHI,160.9,106.0,RB25,-90.0
Malik Nabers,WR,WR7,17.7,18.1,0.4,2026-04-01,,,,,
Trey McBride,TE,TE1,18.9,18.3,-0.6,2026-04-01,ARI,253.6,35.0,TE1,-16.1
Kenneth Walker III,RB,RB11,19.1,20.0,0.9,2026-04-01,SEA,182.7,81.0,RB19,-61.9
Drake London,WR,WR8,19.5,19.4,-0.1,2026-04-01,ATL,218.4,54.0,WR16,-34.5
Derrick Henry,RB,RB12,20.4,20.6,0.2,2026-04-01,BAL,120.8,157.0,RB42,-136.6
Chase Brown,RB,RB13,21.9,22.1,0.2,2026-04-01,CIN,231.0,42.0,RB7,-20.1
Brock Bowers,TE,TE2,23.3,23.3,-0.0,2026-04-01,LV,183.2,80.0,TE3,-56.7
George Pickens,WR,WR9,23.9,23.6,-0.3,2026-04-01,DAL,279.7,25.0,WR6,-1.1
Nico Collins,WR,WR10,24.4,24.2,-0.2,2026-04-01,HOU,288.0,19.0,WR5,5.4
Chris Olave,WR,WR11,27.0,27.0,-0.0,2026-04-01,NO,257.7,33.0,WR8,-6.0
Josh Jacobs,RB,RB14,27.2,27.1,-0.1,2026-04-01,GB,191.7,70.0,RB15,-42.8
Josh Allen,QB,QB1,29.0,29.3,0.3,2026-04-01,BUF,382.6,1.0,QB1,28.0
A.J. Brown,WR,WR12,29.4,29.8,0.4,2026-04-01,PHI,244.3,39.0,WR10,-9.6
Travis Etienne Jr.,RB,RB15,30.3,30.2,-0.1,2026-04-01,,,,,
Tetairoa McMillan,WR,WR13,31.6,31.9,0.3,2026-04-01,CAR,221.6,49.0,WR13,-17.4
Breece Hall,RB,RB16,32.4,31.5,-0.9,2026-04-01,NYJ,201.4,62.0,RB13,-29.6
Tee Higgins,WR,WR14,32.9,33.2,0.3,2026-04-01,CIN,230.0,43.0,WR12,-10.1
Kyren Williams,RB,RB17,34.3,34.5,0.2,2026-04-01,LA,210.9,56.0,RB11,-21.7
Rashee Rice,WR,WR15,35.1,34.8,-0.3,2026-04-01,KC,261.5,32.0,WR7,3.1
Garrett Wilson,WR,WR16,36.6,36.9,0.3,2026-04-01,NYJ,170.7,96.0,WR28,-59.4
Bucky Irving,RB,RB18,36.9,35.9,-1.0,2026-04-01,TB,197.3,66.0,RB14,-29.1
Ladd McConkey,WR,WR17,38.8,38.7,-0.1,2026-04-01,LAC,174.6,87.0,WR24,-48.2
Emeka Egbuka,WR,WR18,39.0,39.4,0.4,2026-04-01,TB,175.8,86.0,WR23,-47.0
Javonte Williams,RB,RB19,40.4,40.1,-0.3,2026-04-01,DAL,224.4,47.0,RB9,-6.6
Zay Flowers,WR,WR19,40.6,40.9,0.3,2026-04-01,BAL,184.8,77.0,WR21,-36.4
DeVonta Smith,WR,WR20,41.5,41.9,0.4,2026-04-01,PHI,198.2,65.0,WR17,-23.5
Luther Burden,WR,WR21,42.3,43.2,0.9,2026-04-01,,,,,
Jameson Williams,WR,WR22,45.1,44.6,-0.5,2026-04-01,DET,221.6,48.0,WR13,-2.9
Colston Loveland,TE,TE3,46.0,45.7,-0.3,2026-04-01,CHI,116.9,165.0,TE19,-119.0
Jaylen Waddle,WR,WR23,47.2,47.2,-0.0,2026-04-01,MIA,174.1,88.0,WR25,-40.8
Terry McLaurin,WR,WR24,47.5,47.9,0.4,2026-04-01,WAS,102.9,185.0,WR61,-137.5
TreVeyon Henderson,RB,RB20,48.7,48.5,-0.2,2026-04-01,NE,219.0,52.0,RB10,-3.3
Davante Adams,WR,WR25,48.8,46.7,-2.1,2026-04-01,LA,143.8,126.0,WR40,-77.2
Mike Evans,WR,WR26,49.8,51.6,1.8,2026-04-01,TB,137.9,136.0,WR45,-86.2
Lamar Jackson,QB,QB2,50.9,50.9,-0.0,2026-04-01,BAL,298.7,15.0,QB8,35.9
Rome Odunze,WR,WR27,52.8,53.5,0.7,2026-04-01,CHI,161.0,105.0,WR32,-52.2
Quinshon Judkins,RB,RB21,53.8,52.2,-1.6,2026-04-01,CLE,188.0,73.0,RB16,-19.2
D.J. Moore,WR,WR28,54.1,58.9,4.8,2026-04-01,,,,,
Carnell Tate,WR,WR29,56.5,56.5,-0.0,2026-04-01,,,,,
Bhayshul Tuten,RB,RB22,56.8,60.0,3.2,2026-04-01,JAX,87.3,206.0,RB49,-149.2
Cam Skattebo,RB,RB22,56.8,55.9,-0.9,2026-04-01,NYG,209.4,57.0,RB12,-0.2
David Montgomery,RB,RB24,57.0,61.6,4.6,2026-04-01,DET,111.7,170.0,RB45,-113.0
Christian Watson,WR,WR30,58.7,57.4,-1.3,2026-04-01,GB,165.7,102.0,WR31,-43.3
D'Andre Swift,RB,RB25,60.6,58.3,-2.3,2026-04-01,CHI,172.5,91.0,RB21,-30.4
Brian Thomas,WR,WR31,61.9,60.8,-1.1,2026-04-01,,,,,
Jayden Daniels,QB,QB3,62.4,62.9,0.5,2026-04-01,WAS,286.8,20.0,QB12,42.4
Makai Lemon,WR,WR32,63.4,63.5,0.1,2026-04-01,,,,,
Joe Burrow,QB,QB4,64.7,64.5,-0.2,2026-04-01,CIN,282.6,24.0,QB15,40.7
Marvin Harrison,WR,WR33,64.7,65.7,1.0,2026-04-01,,,,,
RJ Harvey,RB,RB26,66.5,63.2,-3.3,2026-04-01,DEN,171.2,94.0,RB22,-27.5
Tyler Warren,TE,TE4,68.1,67.7,-0.4,2026-04-01,IND,157.7,109.0,TE7,-40.9
Caleb Williams,QB,QB5,68.5,68.6,0.1,2026-04-01,CHI,285.7,21.0,QB13,47.5
Alec Pierce,WR,WR34,68.8,70.4,1.6,2026-04-01,IND,195.6,68.0,WR19,0.8
Jalen Hurts,QB,QB6,69.6,69.4,-0.2,2026-04-01,PHI,348.1,3.0,QB2,66.6
Jordyn Tyson,WR,WR35,70.8,69.0,-1.8,2026-04-01,,,,,
Drake Maye,QB,QB7,71.9,71.7,-0.2,2026-04-01,NE,299.3,14.0,QB7,57.9
Parker Washington,WR,WR36,72.9,73.2,0.3,2026-04-01,JAX,146.7,120.0,WR35,-47.1
Chuba Hubbard,RB,RB27,73.8,77.3,3.5,2026-04-01,CAR,135.2,139.0,RB32,-65.2
Courtland Sutton,WR,WR37,74.3,73.7,-0.6,2026-04-01,DEN,198.2,64.0,WR17,10.3
DK Metcalf,WR,WR38,76.9,75.6,-1.3,2026-04-01,PIT,166.1,99.0,WR30,-22.1
Michael Wilson,WR,WR39,77.5,77.6,0.1,2026-04-01,ARI,172.0,93.0,WR27,-15.5
Jaylen Warren,RB,RB28,78.1,76.4,-1.7,2026-04-01,PIT,159.9,108.0,RB26,-29.9
Rhamondre Stevenson,RB,RB29,79.2,79.6,0.4,2026-04-01,NE,137.3,137.0,RB31,-57.8
Harold Fannin,TE,TE5,80.4,79.4,-1.0,2026-04-01,,,,,
Dak Prescott,QB,QB8,80.6,81.0,0.4,2026-04-01,DAL,306.8,9.0,QB5,71.6
Justin Herbert,QB,QB9,82.6,82.9,0.3,2026-04-01,LAC,279.7,26.0,QB16,56.6
Trevor Lawrence,QB,QB10,83.9,84.6,0.7,2026-04-01,JAX,296.0,16.0,QB9,67.9
Ricky Pearsall,WR,WR40,85.2,82.8,-2.4,2026-04-01,SF,172.2,92.0,WR26,-6.8
Jaxson Dart,QB,QB11,86.5,85.1,-1.4,2026-04-01,NYG,288.7,18.0,QB11,68.5
Jordan Addison,WR,WR41,87.1,88.8,1.7,2026-04-01,MIN,144.6,124.0,WR38,-36.9
Jakobi Meyers,WR,WR42,87.2,86.6,-0.6,2026-04-01,JAX,127.3,147.0,WR48,-59.8
Tyler Allgeier,RB,RB30,87.5,87.5,-0.0,2026-04-01,ATL,123.8,152.0,RB40,-64.5
Tucker Kraft,TE,TE6,89.2,88.6,-0.6,2026-04-01,GB,151.6,114.0,TE9,-24.8
Patrick Mahomes,QB,QB12,89.3,90.5,1.2,2026-04-01,KC,323.0,7.0,QB3,82.3
Rico Dowdle,RB,RB31,91.3,92.4,1.1,2026-04-01,CAR,161.9,104.0,RB24,-12.7
Chris Godwin,WR,WR43,91.4,94.4,3.0,2026-04-01,,,,,
Kyle Monangai,RB,RB32,93.4,92.3,-1.1,2026-04-01,CHI,111.8,169.0,RB44,-75.6
Brock Purdy,QB,QB13,94.6,95.2,0.6,2026-04-01,SF,306.4,11.0,QB6,83.6
Romeo Doubs,WR,WR44,95.7,103.8,8.1,2026-04-01,GB,142.6,128.0,WR41,-32.3
Bo Nix,QB,QB14,97.1,98.3,1.2,2026-04-01,DEN,316.1,8.0,QB4,89.1
Michael Pittman Jr.,WR,WR45,97.5,96.2,-1.3,2026-04-01,,,,,
Kyle Pitts,TE,TE7,99.0,97.1,-1.9,2026-04-01,ATL,202.0,61.0,TE2,38.0
Blake Corum,RB,RB33,99.8,98.8,-1.0,2026-04-01,LA,94.5,199.0,RB48,-99.2
Quentin Johnston,WR,WR46,101.4,99.5,-1.9,2026-04-01,LAC,166.7,98.0,WR29,3.4
Sam LaPorta,TE,TE8,101.6,100.4,-1.2,2026-04-01,DET,134.7,140.0,TE12,-38.4
J.K. Dobbins,RB,RB34,102.3,107.9,5.6,2026-04-01,DEN,151.8,113.0,RB27,-10.7
Matthew Stafford,QB,QB15,102.3,101.2,-1.1,2026-04-01,LA,189.0,71.0,QB35,31.3
Wan'Dale Robinson,WR,WR47,102.4,103.2,0.8,2026-04-01,NYG,221.5,50.0,WR15,52.4
Tony Pollard,RB,RB35,105.1,102.6,-2.5,2026-04-01,TEN,133.8,142.0,RB33,-36.9
Jared Goff,QB,QB16,105.4,105.5,0.1,2026-04-01,DET,292.9,17.0,QB10,88.4
Jayden Reed,WR,WR48,105.6,107.1,1.5,2026-04-01,,,,,
Kyler Murray,QB,QB17,106.1,109.0,2.9,2026-04-01,,,,,
Jadarian Price,RB,RB36,108.3,104.8,-3.5,2026-04-01,,,,,
Jordan Love,QB,QB18,109.1,108.7,-0.4,2026-04-01,GB,268.3,28.0,QB18,81.1
Xavier Worthy,WR,WR49,109.2,107.0,-2.2,2026-04-01,KC,96.5,194.0,WR69,-84.8
Baker Mayfield,QB,QB19,111.5,111.9,0.4,2026-04-01,TB,278.7,27.0,QB17,84.5
Oronde Gadsden,TE,TE9,112.2,111.0,-1.2,2026-04-01,,,,,
Kenneth Gainwell,RB,RB37,114.5,114.6,0.1,2026-04-01,PIT,144.6,123.0,RB29,-8.5
Jalen Coker,WR,WR50,116.6,117.1,0.5,2026-04-01,CAR,134.4,141.0,WR47,-24.4
KC Concepcion,WR,WR51,117.1,123.9,6.8,2026-04-01,,,,,
Tyler Shough,QB,QB20,118.6,118.8,0.2,2026-04-01,NO,241.3,40.0,QB23,78.6
Jordan Mason,RB,RB38,119.8,118.9,-0.9,2026-04-01,MIN,127.0,149.0,RB37,-29.2
Dalton Kincaid,TE,TE10,119.9,117.6,-2.3,2026-04-01,BUF,105.3,181.0,TE26,-61.1
Josh Downs,WR,WR52,121.3,126.2,4.9,2026-04-01,IND,146.7,119.0,WR35,2.3
Matthew Golden,WR,WR53,121.8,120.4,-1.4,2026-04-01,GB,73.7,234.0,WR89,-112.2
George Kittle,TE,TE11,123.1,123.5,0.4,2026-04-01,SF,177.4,84.0,TE4,39.1
Malik Willis,QB,QB21,123.9,122.5,-1.4,2026-04-01,,,,,
Jayden Higgins,WR,WR54,125.2,126.8,1.6,2026-04-01,HOU,117.8,162.0,WR52,-36.8
Rachaad White,RB,RB39,125.9,128.5,2.6,2026-04-01,TB,99.8,191.0,RB47,-65.1
Khalil Shakir,WR,WR55,126.8,124.6,-2.2,2026-04-01,BUF,135.5,138.0,WR46,-11.2
Jake Ferguson,TE,TE12,128.0,128.2,0.2,2026-04-01,DAL,165.3,103.0,TE6,25.0
Jonah Coleman,RB,RB40,129.2,125.9,-3.3,2026-04-01,,,,,
Sam Darnold,QB,QB22,129.5,130.4,0.9,2026-04-01,SEA,250.6,36.0,QB21,93.5
Kenyon Sadiq,TE,TE13,131.2,126.1,-5.1,2026-04-01,,,,,
Jalen McMillan,WR,WR56,132.4,136.5,4.1,2026-04-01,,,,,
Mike Washington Jr.,RB,RB41,133.1,134.9,1.8,2026-04-01,,,,,
Travis Kelce,TE,TE14,133.3,139.1,5.8,2026-04-01,KC,118.9,161.0,TE17,-27.7
C.J. Stroud,QB,QB23,135.5,135.8,0.3,2026-04-01,HOU,227.3,44.0,QB24,91.5
Jauan Jennings,WR,WR57,136.0,129.8,-6.2,2026-04-01,SF,187.2,75.0,WR20,61.0
Dallas Goedert,TE,TE15,137.2,138.5,1.3,2026-04-01,PHI,140.7,130.0,TE11,7.2
Aaron Jones,RB,RB42,137.4,142.5,5.1,2026-04-01,MIN,60.7,265.0,RB64,-127.6
Denzel Boston,WR,WR58,137.7,133.8,-3.9,2026-04-01,,,,,
Jacory Croskey-Merritt,RB,RB43,139.6,134.5,-5.1,2026-04-01,WAS,140.6,131.0,RB30,8.6
Chris Rodriguez,RB,RB44,140.0,145.1,5.1,2026-04-01,,,,,
Rashid Shaheed,WR,WR59,141.4,139.4,-2.0,2026-04-01,SEA,127.1,148.0,WR49,-6.6
Cam Ward,QB,QB24,141.7,142.6,0.9,2026-04-01,TEN,196.2,67.0,QB33,74.7
Omar Cooper Jr.,WR,WR60,142.4,149.2,6.8,2026-04-01,,,,,
Isaiah Likely,TE,TE16,142.6,146.7,4.1,2026-04-01,BAL,83.7,216.0,TE33,-73.4
Daniel Jones,QB,QB25,144.5,147.7,3.2,2026-04-01,IND,257.4,34.0,QB20,110.5
Zach Charbonnet,RB,RB45,146.1,144.4,-1.7,2026-04-01,SEA,185.4,76.0,RB18,70.1
Bryce Young,QB,QB26,147.1,146.4,-0.7,2026-04-01,CAR,206.4,59.0,QB30,88.1
Mark Andrews,TE,TE17,147.3,149.7,2.4,2026-04-01,BAL,93.6,201.0,TE28,-53.7
Tyrone Tracy,RB,RB46,149.0,144.1,-4.9,2026-04-01,,,,,
Fernando Mendoza,QB,QB27,149.8,148.7,-1.1,2026-04-01,,,,,
Jonathon Brooks,RB,RB47,150.1,153.4,3.3,2026-04-01,,,,,
Stefon Diggs,WR,WR61,150.4,141.7,-8.7,2026-04-01,NE,139.4,134.0,WR43,16.4
Brenton Strange,TE,TE18,150.7,146.6,-4.1,2026-04-01,JAX,113.0,167.0,TE20,-16.3
Travis Hunter,WR,WR62,153.6,153.9,0.3,2026-04-01,JAX,101.7,187.0,WR63,-33.4
Brandon Aiyuk,WR,WR63,154.3,151.9,-2.4,2026-04-01,SF,26.8,393.0,WR153,-238.7
Keaton Mitchell,RB,RB48,155.2,157.5,2.3,2026-04-01,BAL,62.2,260.0,RB61,-104.8
Juwan Johnson,TE,TE19,156.5,155.7,-0.8,2026-04-01,NO,131.9,143.0,TE13,13.5
Jacoby Brissett,QB,QB28,157.2,159.9,2.7,2026-04-01,ARI,285.7,22.0,QB13,135.2
Jerry Jeudy,WR,WR64,160.8,161.5,0.7,2026-04-01,CLE,107.3,179.0,WR58,-18.2
Deebo Samuel,WR,WR65,161.0,156.3,-4.7,2026-04-01,,,,,
Hunter Henry,TE,TE20,161.1,161.7,0.6,2026-04-01,NE,172.5,90.0,TE5,71.1
James Conner,RB,RB49,161.7,157.8,-3.9,2026-04-01,,,,,
Chig Okonkwo,TE,TE21,161.9,165.9,4.0,2026-04-01,TEN,122.5,155.0,TE15,6.9
Woody Marks,RB,RB50,162.8,159.2,-3.6,2026-04-01,HOU,124.5,151.0,RB39,11.8
Emanuel Wilson,RB,RB51,164.9,169.9,5.0,2026-04-01,GB,72.2,237.0,RB54,-72.1
Emmett Johnson,RB,RB52,166.8,164.0,-2.8,2026-04-01,,,,,
Isiah Pacheco,RB,RB53,167.8,169.0,1.2,2026-04-01,KC,85.4,209.0,RB50,-41.2
Kayshon Boutte,WR,WR66,169.1,167.3,-1.8,2026-04-01,NE,119.8,158.0,WR50,11.1
Adonai Mitchell,WR,WR67,169.9,172.2,2.3,2026-04-01,NYJ,66.6,250.0,WR94,-80.1
Geno Smith,QB,QB29,170.9,175.8,4.9,2026-04-01,LV,184.3,79.0,QB38,91.9
Calvin Ridley,WR,WR68,172.3,173.3,1.0,2026-04-01,TEN,97.4,193.0,WR68,-20.7
Isaac TeSlaa,WR,WR69,172.9,173.7,0.8,2026-04-01,DET,30.8,382.0,WR146,-209.1
AJ Barner,TE,TE22,173.8,174.3,0.5,2026-04-01,SEA,82.2,222.0,TE36,-48.2
Jalen Nailor,WR,WR70,174.9,176.5,1.6,2026-04-01,MIN,94.6,198.0,WR72,-23.1
T.J. Hockenson,TE,TE23,175.3,176.3,1.0,2026-04-01,MIN,108.5,176.0,TE24,-0.7
Tyreek Hill,WR,WR71,175.9,168.2,-7.7,2026-04-01,,,,,
Tyjae Spears,RB,RB54,176.8,171.8,-5.0,2026-04-01,TEN,131.9,144.0,RB34,32.8
Dylan Sampson,RB,RB55,178.4,180.2,1.8,2026-04-01,CLE,52.5,292.0,RB73,-113.6
Dalton Schultz,TE,TE24,178.7,178.2,-0.5,2026-04-01,HOU,156.5,110.0,TE8,68.7
Tank Dell,WR,WR72,179.2,178.3,-0.9,2026-04-01,HOU,11.7,495.0,WR231,-315.8
Tre' Harris,WR,WR73,182.2,181.3,-0.9,2026-04-01,,,,,
Brian Robinson,RB,RB56,183.2,198.1,14.9,2026-04-01,SF,48.2,310.0,RB79,-126.8
Eli Stowers,TE,TE25,183.3,185.7,2.4,2026-04-01,,,,,
Sean Tucker,RB,RB57,185.2,182.2,-3.0,2026-04-01,TB,52.4,294.0,RB74,-108.8
Tank Bigsby,RB,RB58,185.8,186.9,1.1,2026-04-01,PHI,24.5,402.0,RB103,-216.2
Darnell Mooney,WR,WR74,186.2,189.4,3.2,2026-04-01,ATL,95.1,196.0,WR70,-9.8
Christian Kirk,WR,WR75,186.9,194.9,8.0,2026-04-01,HOU,84.3,213.0,WR79,-26.1
Malik Washington,WR,WR76,189.1,192.6,3.5,2026-04-01,MIA,89.3,205.0,WR75,-15.9
Chimere Dike,WR,WR77,189.5,185.3,-4.2,2026-04-01,TEN,95.0,197.0,WR71,-7.5
David Njoku,TE,TE26,192.3,189.5,-2.8,2026-04-01,CLE,109.3,174.0,TE23,18.3
Nicholas Singleton,RB,RB59,192.9,197.8,4.9,2026-04-01,,,,,
Tre Tucker,WR,WR78,193.0,191.2,-1.8,2026-04-01,LV,150.2,117.0,WR34,76.0
Alvin Kamara,RB,RB60,193.4,190.8,-2.6,2026-04-01,NO,71.3,239.0,RB55,-45.6
Mason Taylor,TE,TE27,193.7,195.7,2.0,2026-04-01,NYJ,61.9,263.0,TE48,-69.3
Tua Tagovailoa,QB,QB30,195.7,199.1,3.4,2026-04-01,MIA,202.2,60.0,QB31,135.7
Cade Otton,TE,TE28,197.1,197.2,0.1,2026-04-01,TB,117.5,163.0,TE18,34.1
Gunnar Helm,TE,TE29,199.5,201.1,1.6,2026-04-01,TEN,71.2,240.0,TE41,-40.5
Braelon Allen,RB,RB61,200.0,199.3,-0.7,2026-04-01,,,,,
Pat Bryant,WR,WR79,202.9,191.7,-11.2,2026-04-01,DEN,93.9,200.0,WR73,2.9
Kimani Vidal,RB,RB62,203.8,197.8,-6.0,2026-04-01,LAC,125.2,150.0,RB38,53.8
Aaron Rodgers,QB,QB31,203.9,210.7,6.8,2026-04-01,PIT,151.2,115.0,QB47,88.9
Elijah Sarratt,WR,WR80,204.4,205.4,1.0,2026-04-01,,,,,
Ryan Flournoy,WR,WR81,204.5,206.2,1.7,2026-04-01,DAL,61.9,262.0,WR97,-57.5
Chris Brazzell II,WR,WR82,205.3,211.2,5.9,2026-04-01,,,,,
Terrance Ferguson,TE,TE30,207.3,207.5,0.2,2026-04-01,LA,47.2,316.0,TE60,-108.7
Kaytron Allen,RB,RB63,207.9,204.3,-3.6,2026-04-01,,,,,
Pat Freiermuth,TE,TE31,209.0,210.9,1.9,2026-04-01,PIT,107.9,178.0,TE25,31.0
Troy Franklin,WR,WR83,209.2,196.7,-12.5,2026-04-01,DEN,145.8,121.0,WR37,88.2
Ray Davis,RB,RB64,210.3,209.8,-0.5,2026-04-01,BUF,33.0,372.0,RB98,-161.7
Trey Benson,RB,RB65,210.9,190.5,-20.4,2026-04-01,,,,,
Hollywood Brown,WR,WR84,211.5,211.9,0.4,2026-04-01,,,,,
Germie Bernard,WR,WR85,212.8,218.6,5.8,2026-04-01,,,,,
Tory Horton,WR,WR86,213.2,210.5,-2.7,2026-04-01,SEA,90.4,203.0,WR74,10.2
Zachariah Branch,WR,WR87,213.2,212.7,-0.5,2026-04-01,,,,,
Jordan James,RB,RB66,214.5,234.0,19.5,2026-04-01,,,,,
Najee Harris,RB,RB67,215.6,229.5,13.9,2026-04-01,,,,,
Michael Penix,QB,QB32,217.0,210.7,-6.3,2026-04-01,,,,,
Jake Tonges,TE,TE32,219.9,217.4,-2.5,2026-04-01,SF,112.7,168.0,TE21,51.9
Elic Ayomanor,WR,WR88,222.6,221.9,-0.7,2026-04-01,TEN,101.3,189.0,WR65,33.6
Ollie Gordon,RB,RB68,223.3,220.4,-2.9,2026-04-01,,,,,
Ty Simpson,QB,QB33,223.7,230.3,6.6,2026-04-01,,,,,
Devaughn Vele,WR,WR89,224.6,223.3,-1.3,2026-04-01,NO,117.2,164.0,WR53,60.6
Colby Parkinson,TE,TE33,225.4,225.3,-0.1,2026-04-01,LA,122.3,156.0,TE16,69.4
Kyle Williams,WR,WR90,226.4,225.0,-1.4,2026-04-01,NE,38.8,348.0,WR132,-121.6
George Holani,RB,RB69,226.5,218.9,-7.6,2026-04-01,,,,,
Shedeur Sanders,QB,QB34,227.2,225.0,-2.2,2026-04-01,CLE,165.9,100.0,QB42,127.2
Tez Johnson,WR,WR91,230.1,230.6,0.5,2026-04-01,TB,55.3,278.0,WR103,-47.9
Chris Bell,WR,WR92,230.4,235.1,4.7,2026-04-01,,,,,
Cooper Kupp,WR,WR93,230.8,230.1,-0.7,2026-04-01,SEA,66.7,249.0,WR93,-18.2
Ted Hurst,WR,WR93,230.8,235.9,5.1,2026-04-01,,,,,
Mike Gesicki,TE,TE34,230.9,232.1,1.2,2026-04-01,CIN,83.7,217.0,TE33,13.9
Justice Hill,RB,RB70,231.2,232.7,1.5,2026-04-01,BAL,54.9,281.0,RB69,-49.8
Jaydon Blue,RB,RB71,231.5,229.1,-2.4,2026-04-01,,,,,
Demond Claiborne,RB,RB72,233.4,228.6,-4.8,2026-04-01,,,,,
Rashod Bateman,WR,WR95,233.7,233.0,-0.7,2026-04-01,BAL,83.2,218.0,WR81,15.7
Ja'Kobi Lane,WR,WR96,233.8,227.9,-5.9,2026-04-01,,,,,
Theo Johnson,TE,TE35,233.9,231.6,-2.3,2026-04-01,NYG,142.7,127.0,TE10,106.9
Jaylin Noel,WR,WR97,234.0,231.1,-2.9,2026-04-01,HOU,29.1,388.0,WR150,-154.0
Dontayvion Wicks,WR,WR98,234.2,232.2,-2.0,2026-04-01,GB,58.9,270.0,WR99,-35.8
Justin Fields,QB,QB35,234.3,230.0,-4.3,2026-04-01,NYJ,263.2,31.0,QB19,203.3
Deshaun Watson,QB,QB36,235.1,238.1,3.0,2026-04-01,CLE,208.8,58.0,QB29,177.1
Emari Demercado,RB,RB73,235.2,233.1,-2.1,2026-04-01,ARI,44.8,322.0,RB83,-86.8
Jalen Tolbert,WR,WR99,235.2,233.4,-1.8,2026-04-01,DAL,54.3,287.0,WR107,-51.8
Greg Dulcich,TE,TE36,235.4,235.2,-0.2,2026-04-01,MIA,91.0,202.0,TE29,33.4
Antonio Williams,WR,WR100,235.8,237.4,1.6,2026-04-01,,,,,
Evan Engram,TE,TE37,236.0,236.0,-0.0,2026-04-01,DEN,84.1,214.0,TE32,22.0
Jahan Dotson,WR,WR101,236.6,238.3,1.7,2026-04-01,PHI,43.6,328.0,WR126,-91.4
Keenan Allen,WR,WR103,236.7,236.6,-0.1,2026-04-01,LAC,111.4,172.0,WR54,64.7
Keon Coleman,WR,WR102,236.7,234.4,-2.3,2026-04-01,BUF,86.0,207.0,WR76,29.7
Adam Randall,RB,RB74,237.2,236.7,-0.5,2026-04-01,,,,,
DJ Giddens,RB,RB75,237.3,238.3,1.0,2026-04-01,,,,,
Tyquan Thornton,WR,WR104,237.8,236.7,-1.1,2026-04-01,KC,75.8,231.0,WR86,6.8
Jaylen Wright,RB,RB76,237.9,236.9,-1.0,2026-04-01,MIA,51.9,297.0,RB75,-59.1
Joe Mixon,RB,RB77,238.0,237.7,-0.3,2026-04-01,HOU,171.0,95.0,RB23,143.0
LeQuint Allen,RB,RB79,238.4,235.9,-2.5,2026-04-01,,,,,
Seth McGowan,RB,RB78,238.4,238.8,0.4,2026-04-01,,,,,
Darius Slayton,WR,WR106,238.5,237.9,-0.6,2026-04-01,NYG,101.0,190.0,WR66,48.5
Malachi Fields,WR,WR105,238.5,239.3,0.8,2026-04-01,,,,,
Chris Brooks,RB,RB80,238.6,239.4,0.8,2026-04-01,,,,,
Darnell Washington,TE,TE38,238.6,238.4,-0.2,2026-04-01,PIT,78.5,227.0,TE38,11.6
Skyler Bell,WR,WR107,238.7,239.0,0.3,2026-04-01,,,,,
Kirk Cousins,QB,QB38,238.8,239.4,0.6,2026-04-01,ATL,160.3,107.0,QB44,131.8
Mac Jones,QB,QB37,238.8,238.6,-0.2,2026-04-01,SF,216.3,55.0,QB28,183.8
Michael Mayer,TE,TE39,238.8,239.6,0.8,2026-04-01,LV,95.6,195.0,TE27,43.8
Andrei Iosivas,WR,WR110,238.9,239.2,0.3,2026-04-01,CIN,108.6,175.0,WR56,63.9
Jack Bech,WR,WR108,238.9,238.8,-0.1,2026-04-01,LV,43.9,325.0,WR123,-86.1
Kendrick Bourne,WR,WR110,238.9,239.5,0.6,2026-04-01,SF,82.3,221.0,WR82,17.9
Mack Hollins,WR,WR109,238.9,238.5,-0.4,2026-04-01,NE,101.5,188.0,WR64,50.9
Isaiah Bond,WR,WR112,239.0,239.0,-0.0,2026-04-01,CLE,32.2,376.0,WR143,-137.0
Kaleb Johnson,RB,RB81,239.1,239.1,-0.0,2026-04-01,,,,,
Elijah Arroyo,TE,TE40,239.2,239.2,-0.0,2026-04-01,SEA,36.5,354.0,TE72,-114.8
Isaac Guerendo,RB,RB82,239.2,239.8,0.6,2026-04-01,,,,,
J.J. McCarthy,QB,QB39,239.2,238.9,-0.3,2026-04-01,MIN,199.0,63.0,QB32,176.2
Bryce Lance,WR,WR113,239.3,239.4,0.1,2026-04-01,,,,,
Dawson Knox,TE,TE41,239.3,238.8,-0.5,2026-04-01,BUF,69.0,245.0,TE44,-5.7
Cole Kmet,TE,TE42,239.4,239.4,-0.0,2026-04-01,CHI,90.2,204.0,TE30,35.4
Devin Neal,RB,RB83,239.4,239.6,0.2,2026-04-01,NO,64.4,255.0,RB58,-15.6
Tutu Atwell,WR,WR114,239.4,238.3,-1.1,2026-04-01,LA,50.5,302.0,WR113,-62.6
Ty Johnson,RB,RB84,239.4,238.4,-1.0,2026-04-01,BUF,54.9,282.0,RB69,-42.6
Brashard Smith,RB,RB85,239.5,239.4,-0.1,2026-04-01,KC,21.9,409.0,RB106,-169.5
Devontez Walker,WR,WR115,239.5,239.6,0.1,2026-04-01,BAL,54.0,288.0,WR108,-48.5
MarShawn Lloyd,RB,RB86,239.5,239.3,-0.2,2026-04-01,,,,,
Max Klare,TE,TE44,239.5,239.1,-0.4,2026-04-01,,,,,
Olamide Zaccheaus,WR,WR117,239.5,238.9,-0.6,2026-04-01,CHI,104.4,184.0,WR60,55.5
Oscar Delp,TE,TE45,239.5,239.9,0.4,2026-04-01,,,,,
Tyler Higbee,TE,TE43,239.5,239.8,0.3,2026-04-01,LA,79.9,224.0,TE37,15.5
Xavier Legette,WR,WR115,239.5,239.4,-0.1,2026-04-01,CAR,76.4,230.0,WR85,9.5
DeMario Douglas,WR,WR118,239.6,239.8,0.2,2026-04-01,NE,111.4,171.0,WR54,68.6
Ja'Tavion Sanders,TE,TE46,239.6,239.2,-0.4,2026-04-01,CAR,47.9,312.0,TE59,-72.4
Kalif Raymond,WR,WR119,239.6,239.9,0.3,2026-04-01,DET,48.7,307.0,WR114,-67.4
Luke McCaffrey,WR,WR120,239.6,239.8,0.2,2026-04-01,WAS,84.5,211.0,WR78,28.6
Samaje Perine,RB,RB87,239.6,239.8,0.2,2026-04-01,CIN,48.9,305.0,RB78,-65.4
Anthony Richardson,QB,QB40,239.7,239.4,-0.3,2026-04-01,,,,,
Chris Oladokun,QB,QB44,239.7,239.7,-0.0,2026-04-01,,,,,
Dresser Winn,QB,QB43,239.7,239.7,-0.0,2026-04-01,,,,,
Gardner Minshew II,QB,QB41,239.7,239.9,0.2,2026-04-01,,,,,
Jaylin Lane,WR,WR122,239.7,239.6,-0.1,2026-04-01,WAS,42.0,334.0,WR129,-94.3
Malik Davis,RB,RB88,239.7,239.9,0.2,2026-04-01,DAL,34.9,368.0,RB95,-128.3
Marvin Mims Jr.,WR,WR121,239.7,238.7,-1.0,2026-04-01,DEN,83.9,215.0,WR80,24.7
Michael Trigg,TE,TE48,239.7,239.8,0.1,2026-04-01,,,,,
Sam Roush,TE,TE47,239.7,239.8,0.1,2026-04-01,,,,,
Tahj Brooks,RB,RB89,239.7,239.8,0.1,2026-04-01,,,,,
Calvin Austin III,WR,WR123,239.8,239.4,-0.4,2026-04-01,PIT,101.9,186.0,WR62,53.8
Hendon Hooker,QB,QB43,239.8,239.8,-0.0,2026-04-01,,,,,
Isaiah Hodgins,WR,WR124,239.8,239.8,-0.0,2026-04-01,NYG,59.0,268.0,WR98,-28.2
J'Mari Taylor,RB,RB93,239.8,239.6,-0.2,2026-04-01,,,,,
Jalen Milroe,QB,QB42,239.8,239.9,0.1,2026-04-01,,,,,
Jerome Ford,RB,RB90,239.8,238.8,-1.0,2026-04-01,CLE,51.1,300.0,RB76,-60.2
Joe Flacco,QB,QB43,239.8,240.0,0.2,2026-04-01,CIN,141.0,129.0,QB49,110.8
John Metchie III,WR,WR126,239.8,239.8,-0.0,2026-04-01,NYJ,69.2,243.0,WR91,-3.2
KaVontae Turpin,WR,WR127,239.8,239.9,0.1,2026-04-01,DAL,56.8,275.0,WR102,-35.2
Kaden Davis,WR,WR123,239.8,239.8,-0.0,2026-04-01,,,,,
Kaelon Black,RB,RB93,239.8,240.0,0.2,2026-04-01,,,,,
Kareem Hunt,RB,RB91,239.8,239.7,-0.1,2026-04-01,KC,61.3,264.0,RB63,-24.2
KeAndre Lambert-Smith,WR,WR125,239.8,239.9,0.1,2026-04-01,LAC,26.5,394.0,WR154,-154.2
Tanner Conner,TE,TE50,239.8,239.8,-0.0,2026-04-01,MIA,38.8,346.0,TE70,-106.2
Trevor Etienne,RB,RB92,239.8,239.7,-0.1,2026-04-01,,,,,
Treylon Burks,WR,WR124,239.8,239.3,-0.5,2026-04-01,WAS,57.2,274.0,WR101,-34.2
Charlie Kolar,TE,TE55,239.9,239.6,-0.3,2026-04-01,BAL,40.1,341.0,TE68,-101.1
Cody White,WR,WR135,239.9,239.9,-0.0,2026-04-01,SEA,23.5,405.0,WR160,-165.1
De'Zhaun Stribling,WR,WR130,239.9,240.0,0.1,2026-04-01,,,,,
Demarcus Robinson,WR,WR134,239.9,240.0,0.1,2026-04-01,SF,48.0,311.0,WR117,-71.1
Dont'e Thornton,WR,WR135,239.9,239.8,-0.1,2026-04-01,,,,,
Elijah Moore,WR,WR128,239.9,240.0,0.1,2026-04-01,BUF,43.1,330.0,WR128,-90.1
Erick All,TE,TE54,239.9,240.0,0.1,2026-04-01,CIN,12.6,482.0,TE97,-242.1
Greg Dortch,WR,WR133,239.9,239.9,-0.0,2026-04-01,ARI,63.4,257.0,WR95,-17.1
Isaiah Davis,RB,RB97,239.9,239.7,-0.2,2026-04-01,NYJ,42.7,332.0,RB84,-92.1
Jam Miller,RB,RB96,239.9,239.8,-0.1,2026-04-01,,,,,
Jarquez Hunter,RB,RB97,239.9,239.9,-0.0,2026-04-01,,,,,
Jaydn Ott,RB,RB95,239.9,239.8,-0.1,2026-04-01,,,,,
Joe Milton,QB,QB44,239.9,240.0,0.1,2026-04-01,,,,,
Kenny McIntosh,RB,RB102,239.9,239.9,-0.0,2026-04-01,,,,,
Le'Veon Moss,RB,RB97,239.9,239.9,-0.0,2026-04-01,,,,,
Marlin Klein,TE,TE51,239.9,240.0,0.1,2026-04-01,,,,,
Mason Rudolph,QB,QB47,239.9,239.9,-0.0,2026-04-01,,,,,
Michael Carter,RB,RB100,239.9,239.9,-0.0,2026-04-01,ARI,123.2,153.0,RB41,86.9
Michael Jacobson,TE,TE50,239.9,239.9,-0.0,2026-04-01,,,,,
Mitchell Evans,TE,TE51,239.9,240.0,0.1,2026-04-01,CAR,40.1,342.0,TE68,-102.1
Nick Westbrook-Ikhine,WR,WR129,239.9,240.0,0.1,2026-04-01,MIA,32.7,373.0,WR142,-133.1
Noah Fant,TE,TE53,239.9,239.7,-0.2,2026-04-01,CIN,83.1,219.0,TE35,20.9
Odell Beckham Jr.,WR,WR130,239.9,240.0,0.1,2026-04-01,MIA,8.6,547.0,WR257,-307.1
Quinn Ewers,QB,QB46,239.9,239.9,-0.0,2026-04-01,,,,,
Riley Leonard,QB,QB45,239.9,240.0,0.1,2026-04-01,,,,,
Roman Hemby,RB,RB102,239.9,239.8,-0.1,2026-04-01,,,,,
Savion Williams,WR,WR132,239.9,239.8,-0.1,2026-04-01,GB,35.3,363.0,WR138,-123.1
Tai Felton,WR,WR133,239.9,240.0,0.1,2026-04-01,MIN,16.0,438.0,WR184,-198.1
Terion Stewart,RB,RB101,239.9,240.0,0.1,2026-04-01,,,,,
Treyton Welch,TE,TE49,239.9,239.9,-0.0,2026-04-01,,,,,
Ty Chandler,RB,RB96,239.9,239.9,-0.0,2026-04-01,,,,,
Tylan Wallace,WR,WR132,239.9,239.9,-0.0,2026-04-01,BAL,43.5,329.0,WR127,-89.1
Tyler Conklin,TE,TE51,239.9,240.0,0.1,2026-04-01,LAC,41.8,335.0,TE65,-95.1
Tyler Huntley,QB,QB48,239.9,240.0,0.1,2026-04-01,,,,,
Will Howard,QB,QB47,239.9,240.0,0.1,2026-04-01,,,,,
Will Shipley,RB,RB97,239.9,239.9,-0.0,2026-04-01,,,,,
Zach Ertz,TE,TE50,239.9,240.0,0.1,2026-04-01,WAS,84.3,212.0,TE31,27.9
AJ Dillon,RB,RB113,240.0,240.0,-0.0,2026-04-01,,,,,
Adam Trautman,TE,TE69,240.0,240.0,-0.0,2026-04-01,DEN,60.1,267.0,TE50,-27.0
Andrew Armstrong,WR,WR152,240.0,240.0,-0.0,2026-04-01,,,,,
Ashton Dulin,WR,WR136,240.0,240.0,-0.0,2026-04-01,IND,16.2,437.0,WR183,-197.0
Audric Estime,RB,RB114,240.0,240.0,-0.0,2026-04-01,,,,,
Austin Ekeler,RB,RB108,240.0,240.0,-0.0,2026-04-01,,,,,
Austin Hooper,TE,TE61,240.0,240.0,-0.0,2026-04-01,NE,72.4,236.0,TE40,4.0
Ben Sinnott,TE,TE61,240.0,240.0,-0.0,2026-04-01,WAS,35.9,359.0,TE75,-119.0
Ben Skowronek,WR,WR156,240.0,240.0,-0.0,2026-04-01,PIT,0.0,616.0,WR291,-376.0
Brenen Thompson,WR,WR142,240.0,239.9,-0.1,2026-04-01,,,,,
Brevyn Spann-Ford,TE,TE64,240.0,240.0,-0.0,2026-04-01,DAL,27.0,392.0,TE82,-152.0
CJ Daniels,WR,WR148,240.0,240.0,-0.0,2026-04-01,,,,,
Cade Stover,TE,TE68,240.0,240.0,-0.0,2026-04-01,HOU,53.8,289.0,TE53,-49.0
Caleb Douglas,WR,WR140,240.0,240.0,-0.0,2026-04-01,,,,,
Carson Beck,QB,QB56,240.0,240.0,-0.0,2026-04-01,,,,,
Carson Wentz,QB,QB49,240.0,240.0,-0.0,2026-04-01,,,,,
Cedric Tillman,WR,WR136,240.0,239.9,-0.1,2026-04-01,CLE,68.9,247.0,WR92,-7.0
Chase Claypool,WR,WR156,240.0,240.0,-0.0,2026-04-01,MIA,14.2,463.0,WR206,-223.0
Chip Trayanum,RB,RB104,240.0,240.0,-0.0,2026-04-01,,,,,
Colbie Young,WR,WR157,240.0,240.0,-0.0,2026-04-01,,,,,
Cole Payton,QB,QB52,240.0,240.0,-0.0,2026-04-01,,,,,
Dallen Bentley,TE,TE58,240.0,240.0,-0.0,2026-04-01,,,,,
Damien Martinez,RB,RB108,240.0,240.0,-0.0,2026-04-01,,,,,
Daniel Bellinger,TE,TE58,240.0,240.0,-0.0,2026-04-01,NYG,69.2,244.0,TE43,-4.0
Darius Cooper,WR,WR156,240.0,240.0,-0.0,2026-04-01,PHI,43.7,327.0,WR125,-87.0
Darren Waller,TE,TE61,240.0,239.9,-0.1,2026-04-01,MIA,69.0,246.0,TE44,-6.0
David Sills,WR,WR163,240.0,240.0,-0.0,2026-04-01,ATL,51.1,299.0,WR112,-59.0
Davis Mills,QB,QB53,240.0,240.0,-0.0,2026-04-01,HOU,182.5,82.0,QB39,158.0
DeAndre Hopkins,WR,WR142,240.0,240.0,-0.0,2026-04-01,BAL,34.9,367.0,WR141,-127.0
Dean Conners,RB,RB107,240.0,240.0,-0.0,2026-04-01,,,,,
Deion Burks,WR,WR136,240.0,240.0,-0.0,2026-04-01,,,,,
Desmond Reid,RB,RB110,240.0,240.0,-0.0,2026-04-01,,,,,
Devin Culp,TE,TE66,240.0,240.0,-0.0,2026-04-01,,,,,
Devin Singletary,RB,RB113,240.0,239.9,-0.1,2026-04-01,NYG,65.0,253.0,RB57,-13.0
Drew Allar,QB,QB53,240.0,239.7,-0.3,2026-04-01,,,,,
Dyami Brown,WR,WR148,240.0,239.9,-0.1,2026-04-01,JAX,81.2,223.0,WR83,17.0
Dylan Laube,RB,RB105,240.0,240.0,-0.0,2026-04-01,,,,,
Efton Chism,WR,WR156,240.0,240.0,-0.0,2026-04-01,,,,,
Eli Raridon,TE,TE61,240.0,240.0,-0.0,2026-04-01,,,,,
Elijah Higgins,TE,TE68,240.0,240.0,-0.0,2026-04-01,ARI,56.5,276.0,TE51,-36.0
Eric McAlister,WR,WR148,240.0,239.9,-0.1,2026-04-01,,,,,
Foster Moreau,TE,TE61,240.0,240.0,-0.0,2026-04-01,NO,32.6,374.0,TE77,-134.0
Garrett Nussmeier,QB,QB54,240.0,240.0,-0.0,2026-04-01,,,,,
Grant Calcaterra,TE,TE66,240.0,240.0,-0.0,2026-04-01,PHI,31.2,380.0,TE80,-140.0
Isaiah Williams,WR,WR142,240.0,240.0,-0.0,2026-04-01,NYJ,20.7,411.0,WR163,-171.0
Ja'Lynn Polk,WR,WR142,240.0,240.0,-0.0,2026-04-01,NE,2.3,596.0,WR277,-356.0
Jack Endries,TE,TE64,240.0,240.0,-0.0,2026-04-01,,,,,
Jacob Cowing,WR,WR148,240.0,240.0,-0.0,2026-04-01,SF,0.6,603.0,WR284,-363.0
Jake Bobo,WR,WR152,240.0,240.0,-0.0,2026-04-01,,,,,
Jaleel McLaughlin,RB,RB113,240.0,240.0,-0.0,2026-04-01,,,,,
Jalen Royals,WR,WR143,240.0,240.0,-0.0,2026-04-01,,,,,
Jameis Winston,QB,QB51,240.0,240.0,-0.0,2026-04-01,,,,,
Jarrett Stidham,QB,QB54,240.0,240.0,-0.0,2026-04-01,,,,,
Jawhar Jordan,RB,RB113,240.0,239.9,-0.1,2026-04-01,,,,,
Jeremy McNichols,RB,RB107,240.0,240.0,-0.0,2026-04-01,WAS,34.5,369.0,RB96,-129.0
Jimmy Horn,WR,WR142,240.0,240.0,-0.0,2026-04-01,,,,,
Jonnu Smith,TE,TE56,240.0,240.0,-0.0,2026-04-01,PIT,64.8,254.0,TE47,-14.0
Jordan Watkins,WR,WR148,240.0,240.0,-0.0,2026-04-01,,,,,
Jordan Whittington,WR,WR154,240.0,240.0,-0.0,2026-04-01,LA,26.4,396.0,WR155,-156.0
Josh Johnson,QB,QB53,240.0,240.0,-0.0,2026-04-01,,,,,
Josh Oliver,TE,TE62,240.0,240.0,-0.0,2026-04-01,MIN,42.1,333.0,TE64,-93.0
Joshua Palmer,WR,WR148,240.0,240.0,-0.0,2026-04-01,,,,,
Justin Joly,TE,TE56,240.0,240.0,-0.0,2026-04-01,,,,,
Kalel Mullings,RB,RB110,240.0,240.0,-0.0,2026-04-01,,,,,
Kendre Miller,RB,RB113,240.0,240.0,-0.0,2026-04-01,NO,78.5,226.0,RB52,14.0
Kevin Austin,WR,WR148,240.0,240.0,-0.0,2026-04-01,,,,,
Konata Mumpfield,WR,WR140,240.0,239.9,-0.1,2026-04-01,LA,29.5,387.0,WR149,-147.0
Kyle Allen,QB,QB56,240.0,240.0,-0.0,2026-04-01,,,,,
La'Mical Perine,RB,RB113,240.0,240.0,-0.0,2026-04-01,,,,,
LaJohntay Wester,WR,WR159,240.0,240.0,-0.0,2026-04-01,BAL,0.0,610.0,WR291,-370.0
Lew Nichols,RB,RB107,240.0,240.0,-0.0,2026-04-01,,,,,
Lewis Bond,WR,WR148,240.0,240.0,-0.0,2026-04-01,,,,,
Luke Musgrave,TE,TE61,240.0,239.8,-0.2,2026-04-01,GB,54.4,286.0,TE52,-46.0
Luke Schoonmaker,TE,TE70,240.0,240.0,-0.0,2026-04-01,DAL,48.8,306.0,TE58,-66.0
Malachi Corley,WR,WR152,240.0,240.0,-0.0,2026-04-01,CLE,25.4,399.0,WR157,-159.0
Malik Flowers,WR,WR157,240.0,239.9,-0.1,2026-04-01,,,,,
Marcus Mariota,QB,QB49,240.0,239.9,-0.1,2026-04-01,WAS,246.3,38.0,QB22,202.0
Mason Tipton,WR,WR154,240.0,240.0,-0.0,2026-04-01,NO,30.5,384.0,WR148,-144.0
Mathew Sexton,WR,WR148,240.0,240.0,-0.0,2026-04-01,,,,,
Miles Sanders,RB,RB104,240.0,240.0,-0.0,2026-04-01,,,,,
Mitch Tinsley,WR,WR146,240.0,240.0,-0.0,2026-04-01,,,,,
Mo Alie-Cox,TE,TE64,240.0,240.0,-0.0,2026-04-01,IND,50.8,301.0,TE56,-61.0
Nathan Carter,RB,RB113,240.0,240.0,-0.0,2026-04-01,,,,,
Nick Chubb,RB,RB106,240.0,240.0,-0.0,2026-04-01,HOU,54.5,285.0,RB72,-45.0
Nick Mullens,QB,QB60,240.0,240.0,-0.0,2026-04-01,,,,,
Noah Gray,TE,TE61,240.0,240.0,-0.0,2026-04-01,KC,65.8,251.0,TE46,-11.0
Noah Whittington,RB,RB106,240.0,240.0,-0.0,2026-04-01,,,,,
Phil Mafah,RB,RB113,240.0,240.0,-0.0,2026-04-01,,,,,
Raheim Sanders,RB,RB110,240.0,240.0,-0.0,2026-04-01,,,,,
Rahsul Faison,RB,RB106,240.0,240.0,-0.0,2026-04-01,,,,,
Rasheen Ali,RB,RB106,240.0,239.9,-0.1,2026-04-01,,,,,
Roman Wilson,WR,WR156,240.0,240.0,-0.0,2026-04-01,PIT,52.0,296.0,WR111,-56.0
Sam Howell,QB,QB53,240.0,240.0,-0.0,2026-04-01,,,,,
Sione Vaki,RB,RB110,240.0,240.0,-0.0,2026-04-01,,,,,
Spencer Rattler,QB,QB57,240.0,239.9,-0.1,2026-04-01,NO,184.4,78.0,QB37,162.0
Tanner Koziol,TE,TE69,240.0,239.9,-0.1,2026-04-01,,,,,
Tanner McKee,QB,QB54,240.0,240.0,-0.0,2026-04-01,,,,,
Taylen Green,QB,QB51,240.0,239.6,-0.4,2026-04-01,,,,,
Taysom Hill,TE,TE61,240.0,240.0,-0.0,2026-04-01,NO,18.2,424.0,TE89,-184.0
Teddy Bridgewater,QB,QB61,240.0,239.9,-0.1,2026-04-01,,,,,
Theo Wease,WR,WR152,240.0,239.9,-0.1,2026-04-01,,,,,
Tommy Tremble,TE,TE58,240.0,239.9,-0.1,2026-04-01,CAR,60.6,266.0,TE49,-26.0
Travis Homer,RB,RB107,240.0,239.9,-0.1,2026-04-01,,,,,
Trinidad Chambliss,QB,QB60,240.0,240.0,-0.0,2026-04-01,,,,,
Trishton Jackson,WR,WR150,240.0,240.0,-0.0,2026-04-01,,,,,
Tyler Scott,WR,WR156,240.0,240.0,-0.0,2026-04-01,,,,,
Tyrell Shavers,WR,WR142,240.0,240.0,-0.0,2026-04-01,BUF,107.0,180.0,WR59,60.0
Tyson Bagent,QB,QB54,240.0,240.0,-0.0,2026-04-01,,,,,
Van Jefferson,WR,WR154,240.0,240.0,-0.0,2026-04-01,TEN,84.9,210.0,WR77,30.0
Will Levis,QB,QB53,240.0,240.0,-0.0,2026-04-01,TEN,188.1,72.0,QB36,168.0
Xavier Hutchinson,WR,WR139,240.0,240.0,-0.0,2026-04-01,HOU,75.8,232.0,WR86,8.0
Xavier Smith,WR,WR148,240.0,240.0,-0.0,2026-04-01,LA,32.0,377.0,WR144,-137.0
Zavier Scott,RB,RB114,240.0,240.0,-0.0,2026-04-01,,,,,
