attempts,completions,passing_yards,passing_tds,interceptions,carries,rushing_yards,rushing_tds,targets,receptions,receiving_yards,receiving_tds,fpts_ppr_projected,player_id,player_name,position,team,age,age_multiplier,projection_confidence,games_recent,games,fpts_ppr_actual,error,abs_error,pct_error
406.0,248.0,2877.0,19.8,12.2,24.0,38.0,0.0,0.0,0.0,0.0,0.0,173.7,00-0026158,Joe Flacco,QB,CLE,40.0,0.59,Low,6,7,99.04,74.65999999999998,74.65999999999998,75.4
474.0,308.0,3609.0,21.9,10.5,49.0,60.0,0.7,0.0,0.0,0.0,0.0,221.2,00-0026498,Matthew Stafford,QB,LA,37.0,0.82,High,16,18,250.3,-29.100000000000023,29.100000000000023,-11.6
464.0,301.0,3313.0,24.7,9.0,323.0,363.0,3.2,0.0,0.0,0.0,0.0,268.8,00-0029263,Russell Wilson,QB,DEN,36.0,0.88,High,15,12,192.18,76.62,76.62,39.9
607.0,414.0,4518.0,33.4,10.6,76.0,80.0,0.9,0.0,0.0,0.0,0.0,306.5,00-0029604,Kirk Cousins,QB,MIN,36.0,0.88,Medium,8,14,176.32,130.18,130.18,73.8
,,0.0,0.0,0.0,0.0,0.0,0.0,86.0,62.0,637.0,4.4,152.1,00-0030035,Adam Thielen,WR,CAR,34.0,0.63,High,17,10,139.5,12.599999999999994,12.599999999999994,9.0
,,0.0,0.0,0.0,0.0,0.0,0.0,59.0,37.0,304.0,2.1,80.0,00-0030061,Zach Ertz,TE,ARI,34.0,0.79,Low,7,20,216.9,-136.9,136.9,-63.1
,,0.0,0.0,0.0,0.0,0.0,0.0,117.0,83.0,935.0,5.2,207.7,00-0030279,Keenan Allen,WR,LAC,32.0,0.8,Medium,13,15,184.4,23.299999999999983,23.299999999999983,12.6
,,0.0,0.0,0.0,0.0,0.0,0.0,68.0,39.0,416.0,1.7,90.8,00-0030431,Robert Woods,WR,HOU,32.0,0.8,High,15,13,42.5,48.3,48.3,113.6
,,0.0,0.0,0.0,0.0,0.0,0.0,109.0,83.0,942.0,7.1,219.8,00-0030506,Travis Kelce,TE,KC,35.0,0.71,High,19,19,231.9,-12.099999999999994,12.099999999999994,-5.2
,,0.0,0.0,0.0,0.0,0.0,0.0,95.0,58.0,747.0,4.8,161.5,00-0030564,DeAndre Hopkins,WR,TEN,32.0,0.8,High,17,13,122.6,38.900000000000006,38.900000000000006,31.7
,,0.0,0.0,0.0,0.0,0.0,0.0,95.0,58.0,747.0,4.8,161.5,00-0030564,DeAndre Hopkins,WR,TEN,32.0,0.8,High,17,6,38.3,123.2,123.2,321.7
561.0,374.0,4109.0,24.8,9.9,229.0,208.0,1.4,0.0,0.0,0.0,0.0,273.0,00-0030565,Geno Smith,QB,SEA,34.0,0.97,High,15,17,266.0,7.0,7.0,2.6
,,0.0,0.0,0.0,32.0,136.0,1.0,8.0,6.0,42.0,0.3,31.6,00-0030578,Cordarrelle Patterson,RB,ATL,33.0,0.44,Medium,12,13,37.5,-5.899999999999999,5.899999999999999,-15.7
,,0.0,0.0,0.0,0.0,0.0,0.0,54.0,30.0,431.0,2.6,88.7,00-0031235,Odell Beckham Jr.,WR,BAL,32.0,0.8,High,16,8,14.5,74.2,74.2,511.7
,,0.0,0.0,0.0,0.0,0.0,0.0,59.0,39.0,472.0,3.7,108.4,00-0031236,Brandin Cooks,WR,DAL,31.0,0.87,High,17,10,69.6,38.80000000000001,38.80000000000001,55.7
544.0,360.0,3911.0,24.6,10.4,74.0,77.0,0.3,0.0,0.0,0.0,0.0,243.5,00-0031280,Derek Carr,QB,NO,33.0,1.0,High,17,10,150.9,92.6,92.6,61.4
,,0.0,0.0,0.0,0.0,0.0,0.0,122.0,75.0,919.0,7.5,211.9,00-0031381,Davante Adams,WR,LV,32.0,0.8,High,17,11,196.4,15.5,15.5,7.9
,,0.0,0.0,0.0,0.0,0.0,0.0,118.0,70.0,1072.0,9.7,235.4,00-0031408,Mike Evans,WR,TB,31.0,0.87,High,19,15,262.6,-27.200000000000017,27.200000000000017,-10.4
,,0.0,0.0,0.0,0.0,0.0,0.0,44.0,29.0,283.0,1.1,63.9,00-0031428,Allen Robinson,WR,PIT,31.0,0.87,High,16,6,6.0,57.9,57.9,965.0
218.0,131.0,1525.0,10.0,9.6,45.0,60.0,0.3,0.0,0.0,0.0,0.0,89.6,00-0031503,Jameis Winston,QB,NO,31.0,1.02,Low,6,11,131.14,-41.53999999999999,41.53999999999999,-31.7
,,0.0,0.0,0.0,0.0,0.0,0.0,126.0,75.0,1172.0,6.2,229.4,00-0031544,Amari Cooper,WR,CLE,30.0,0.93,High,16,10,71.8,157.60000000000002,157.60000000000002,219.5
,,0.0,0.0,0.0,0.0,0.0,0.0,126.0,75.0,1172.0,6.2,229.4,00-0031544,Amari Cooper,WR,CLE,30.0,0.93,High,16,6,61.0,168.4,168.4,276.1
,,0.0,0.0,0.0,0.0,0.0,0.0,37.0,24.0,298.0,2.7,70.0,00-0031549,Nelson Agholor,WR,BAL,31.0,0.87,High,18,15,52.6,17.4,17.4,33.1
,,0.0,0.0,0.0,0.0,0.0,0.0,19.0,14.0,152.0,2.3,43.0,00-0031585,MyCole Pruitt,TE,ATL,32.0,0.92,Medium,9,6,16.0,27.0,27.0,168.8
,,0.0,0.0,0.0,0.0,0.0,0.0,118.0,79.0,924.0,6.1,208.0,00-0031588,Stefon Diggs,WR,BUF,31.0,0.87,High,19,8,121.92,86.08,86.08,70.6
,,0.0,0.0,0.0,94.0,464.0,5.5,15.0,12.0,81.0,0.5,102.5,00-0031687,Raheem Mostert,RB,MIA,32.0,0.44,High,16,12,70.9,31.599999999999994,31.599999999999994,44.6
,,0.0,0.0,0.0,0.0,0.0,0.0,33.0,23.0,230.0,1.2,53.2,00-0031941,Jamison Crowder,WR,WAS,31.0,0.87,Low,7,6,34.1,19.1,19.1,56.0
,,0.0,0.0,0.0,5.0,23.0,0.2,8.0,7.0,49.0,0.3,17.2,00-0032104,Ameer Abdullah,RB,LV,31.0,0.54,High,16,13,125.2,-108.0,108.0,-86.3
,,0.0,0.0,0.0,0.0,0.0,0.0,95.0,64.0,765.0,5.3,172.3,00-0032211,Tyler Lockett,WR,SEA,32.0,0.8,High,17,17,121.0,51.30000000000001,51.30000000000001,42.4
,,0.0,0.0,0.0,0.0,0.0,0.0,25.0,14.0,138.0,0.9,33.2,00-0032385,Sterling Shepard,WR,NYG,32.0,0.8,Medium,10,13,80.3,-47.099999999999994,47.099999999999994,-58.7
,,0.0,0.0,0.0,0.0,0.0,0.0,34.0,24.0,233.0,0.9,52.7,00-0032392,Austin Hooper,TE,LV,30.0,1.0,High,16,17,108.6,-55.89999999999999,55.89999999999999,-51.5
,,0.0,0.0,0.0,0.0,0.0,0.0,32.0,24.0,327.0,0.6,60.3,00-0032464,Kalif Raymond,WR,DET,30.0,0.93,High,17,11,63.2,-2.9000000000000057,2.9000000000000057,-4.6
,,0.0,0.0,0.0,156.0,678.0,6.5,19.0,15.0,132.0,0.6,138.6,00-0032764,Derrick Henry,RB,TEN,31.0,0.54,High,17,19,381.4,-242.79999999999998,242.79999999999998,-63.7
,,0.0,0.0,0.0,0.0,0.0,0.0,73.0,47.0,601.0,5.2,138.3,00-0032775,Demarcus Robinson,WR,LA,30.0,0.93,Medium,9,19,137.2,1.1000000000000227,1.1000000000000227,0.8
,,0.0,0.0,0.0,0.0,0.0,0.0,95.0,66.0,722.0,3.2,157.4,00-0033009,Tyler Boyd,WR,CIN,30.0,0.93,High,17,15,78.3,79.10000000000001,79.10000000000001,101.0
,,0.0,0.0,0.0,0.0,0.0,0.0,163.0,113.0,1622.0,11.0,341.2,00-0033040,Tyreek Hill,WR,MIA,31.0,0.87,High,17,17,218.2,123.0,123.0,56.4
,,0.0,0.0,0.0,143.0,525.0,4.2,39.0,30.0,179.0,1.2,132.8,00-0033045,Ezekiel Elliott,RB,NE,29.0,0.76,High,17,15,57.5,75.30000000000001,75.30000000000001,131.0
615.0,421.0,4646.0,33.8,13.3,264.0,264.0,2.7,0.0,0.0,0.0,0.0,337.0,00-0033077,Dak Prescott,QB,DAL,31.0,1.02,High,18,8,116.52,220.48000000000002,220.48000000000002,189.2
,,0.0,0.0,0.0,0.0,0.0,0.0,75.0,51.0,550.0,6.1,142.6,00-0033090,Hunter Henry,TE,NE,30.0,1.0,Medium,13,16,145.4,-2.8000000000000114,2.8000000000000114,-1.9
614.0,410.0,4547.0,28.2,9.8,52.0,51.0,1.3,0.0,0.0,0.0,0.0,288.0,00-0033106,Jared Goff,QB,DET,30.0,1.03,High,20,18,333.68,-45.68000000000001,45.68000000000001,-13.7
,,0.0,0.0,0.0,0.0,0.0,0.0,20.0,13.0,153.0,2.2,41.5,00-0033217,Mo Alie-Cox,TE,IND,31.0,0.97,Medium,13,12,32.7,8.799999999999997,8.799999999999997,26.9
,,0.0,0.0,0.0,0.0,0.0,0.0,20.0,16.0,157.0,0.8,36.5,00-0033246,Johnny Mundt,TE,MIN,30.0,1.0,Medium,9,14,50.0,-13.5,13.5,-27.0
,,0.0,0.0,0.0,0.0,0.0,0.0,87.0,61.0,604.0,3.5,142.4,00-0033282,Curtis Samuel,WR,WAS,28.0,1.02,High,16,17,89.8,52.60000000000001,52.60000000000001,58.6
,,0.0,0.0,0.0,0.0,0.0,0.0,82.0,59.0,849.0,6.1,180.5,00-0033288,George Kittle,TE,SF,31.0,0.97,High,19,15,236.6,-56.099999999999994,56.099999999999994,-23.7
,,0.0,0.0,0.0,128.0,637.0,3.1,39.0,29.0,213.0,1.2,139.8,00-0033293,Aaron Jones,RB,GB,30.0,0.65,Medium,13,18,250.6,-110.79999999999998,110.79999999999998,-44.2
,,0.0,0.0,0.0,0.0,0.0,0.0,90.0,62.0,726.0,5.8,169.4,00-0033307,Kendrick Bourne,WR,NE,29.0,0.98,Medium,8,12,65.1,104.30000000000001,104.30000000000001,160.2
,,0.0,0.0,0.0,0.0,0.0,0.0,27.0,22.0,197.0,1.7,51.9,00-0033357,Taysom Hill,TE,NO,34.0,0.79,High,16,8,102.34,-50.440000000000005,50.440000000000005,-49.3
,,0.0,0.0,0.0,0.0,0.0,0.0,34.0,24.0,290.0,1.0,59.0,00-0033439,Pharaoh Brown,TE,NE,30.0,1.0,Medium,9,8,12.5,46.5,46.5,372.0
,,0.0,0.0,0.0,26.0,112.0,0.6,39.0,33.0,279.0,1.2,82.9,00-0033526,Samaje Perine,RB,DEN,29.0,0.76,High,17,20,84.9,-2.0,2.0,-2.4
518.0,319.0,3505.0,22.4,12.4,458.0,435.0,2.9,0.0,0.0,0.0,0.0,265.9,00-0033537,Deshaun Watson,QB,CLE,29.0,1.03,Low,6,7,76.72,189.17999999999998,189.17999999999998,246.6
,,0.0,0.0,0.0,158.0,734.0,6.3,26.0,21.0,140.0,0.8,151.0,00-0033553,James Conner,RB,ARI,29.0,0.76,Medium,13,16,253.8,-102.80000000000001,102.80000000000001,-40.5
,,0.0,0.0,0.0,0.0,0.0,0.0,45.0,27.0,356.0,1.3,70.4,00-0033555,Mack Hollins,WR,ATL,31.0,0.87,Medium,9,19,120.2,-49.8,49.8,-41.4
,,0.0,0.0,0.0,0.0,0.0,0.0,22.0,13.0,248.0,2.6,53.4,00-0033589,David Moore,WR,TB,30.0,0.93,Medium,8,14,85.10000000000001,-31.70000000000001,31.70000000000001,-37.3
,,0.0,0.0,0.0,0.0,0.0,0.0,77.0,46.0,702.0,2.5,131.2,00-0033591,Noah Brown,WR,HOU,29.0,0.98,Medium,11,11,86.30000000000001,44.89999999999998,44.89999999999998,52.0
218.0,137.0,1479.0,6.4,5.3,-12.0,-8.0,0.0,0.0,0.0,0.0,0.0,73.4,00-0033662,Cooper Rush,QB,DAL,31.0,1.02,Low,7,12,109.56,-36.16,36.16,-33.0
,,0.0,0.0,0.0,180.0,704.0,7.2,78.0,59.0,464.0,2.3,232.8,00-0033699,Austin Ekeler,RB,LAC,29.0,0.76,High,14,15,159.6,73.20000000000002,73.20000000000002,45.9
,,0.0,0.0,0.0,20.0,73.0,0.3,12.0,7.0,47.0,0.4,23.2,00-0033854,Dare Ogunbowale,RB,HOU,30.0,0.65,Low,7,17,58.400000000000006,-35.2,35.2,-60.3
,,0.0,0.0,0.0,0.0,0.0,0.0,66.0,44.0,427.0,1.7,96.9,00-0033857,JuJu Smith-Schuster,WR,NE,28.0,1.02,Medium,11,14,64.7,32.2,32.2,49.8
,,0.0,0.0,0.0,0.0,0.0,0.0,87.0,61.0,669.0,3.4,148.3,00-0033858,Jonnu Smith,TE,ATL,29.0,1.02,High,15,17,222.3,-74.0,74.0,-33.3
683.0,462.0,5053.0,36.0,12.6,442.0,415.0,1.4,0.0,0.0,0.0,0.0,370.8,00-0033873,Patrick Mahomes,QB,KC,29.0,1.03,High,20,19,348.38,22.420000000000016,22.420000000000016,6.4
,,0.0,0.0,0.0,0.0,0.0,0.0,136.0,103.0,927.0,4.2,220.9,00-0033881,Evan Engram,TE,JAX,30.0,1.0,High,17,9,89.5,131.4,131.4,146.8
,,0.0,0.0,0.0,0.0,0.0,0.0,139.0,94.0,1051.0,6.7,239.3,00-0033885,David Njoku,TE,CLE,28.0,1.02,High,17,11,148.5,90.80000000000001,90.80000000000001,61.1
,,0.0,0.0,0.0,0.0,0.0,0.0,104.0,61.0,610.0,3.6,143.6,00-0033891,Zay Jones,WR,JAX,29.0,0.98,Medium,9,6,16.400000000000002,127.19999999999999,127.19999999999999,775.6
,,0.0,0.0,0.0,0.0,0.0,0.0,68.0,48.0,435.0,3.1,110.1,00-0033895,Gerald Everett,TE,LAC,30.0,1.0,High,15,9,11.6,98.5,98.5,849.1
,,0.0,0.0,0.0,204.0,809.0,6.9,58.0,47.0,336.0,1.7,213.1,00-0033897,Joe Mixon,RB,CIN,28.0,0.86,High,17,16,275.4,-62.29999999999998,62.29999999999998,-22.6
,,0.0,0.0,0.0,158.0,626.0,3.9,56.0,46.0,329.0,1.7,175.1,00-0033906,Alvin Kamara,RB,NO,29.0,0.76,Medium,13,14,265.3,-90.20000000000002,90.20000000000002,-34.0
,,0.0,0.0,0.0,0.0,0.0,0.0,104.0,72.0,847.0,5.9,192.1,00-0033908,Cooper Kupp,WR,LA,31.0,0.87,Medium,13,14,190.0,2.0999999999999943,2.0999999999999943,1.1
,,0.0,0.0,0.0,0.0,0.0,0.0,117.0,80.0,908.0,3.1,189.4,00-0033921,Chris Godwin Jr.,WR,TB,29.0,0.98,High,19,7,137.8,51.599999999999994,51.599999999999994,37.4
,,0.0,0.0,0.0,129.0,465.0,7.4,14.0,10.0,63.0,0.4,109.6,00-0033923,Kareem Hunt,RB,CLE,29.0,0.76,High,16,16,183.4,-73.80000000000001,73.80000000000001,-40.2
,,0.0,0.0,0.0,144.0,603.0,4.4,29.0,20.0,152.0,0.9,127.3,00-0033925,D'Onta Foreman,RB,CHI,28.0,0.86,Medium,9,10,32.6,94.69999999999999,94.69999999999999,290.5
,,0.0,0.0,0.0,76.0,272.0,2.4,15.0,13.0,64.0,0.5,64.0,00-0033948,Jamaal Williams,RB,NO,29.0,0.76,Medium,13,13,37.1,26.9,26.9,72.5
,,0.0,0.0,0.0,49.0,225.0,1.3,26.0,17.0,122.0,0.8,64.3,00-0034115,Jeff Wilson,RB,MIA,29.0,0.76,Medium,10,7,10.6,53.699999999999996,53.699999999999996,506.6
,,0.0,0.0,0.0,0.0,0.0,0.0,35.0,29.0,298.0,2.0,70.8,00-0034159,Will Dissly,TE,SEA,28.0,1.02,Medium,12,16,113.7,-42.900000000000006,42.900000000000006,-37.7
,,0.0,0.0,0.0,143.0,622.0,7.3,14.0,11.0,149.0,0.4,134.3,00-0034184,Gus Edwards,RB,BAL,29.0,0.76,High,19,12,66.30000000000001,68.0,68.0,102.6
,,0.0,0.0,0.0,0.0,0.0,0.0,87.0,60.0,598.0,1.3,127.6,00-0034270,Tyler Conklin,TE,NYJ,29.0,1.02,High,17,16,121.9,5.699999999999989,5.699999999999989,4.7
,,0.0,0.0,0.0,0.0,0.0,0.0,40.0,21.0,345.0,1.9,66.9,00-0034272,Marquez Valdes-Scantling,WR,KC,30.0,0.93,High,20,8,79.9,-13.0,13.0,-16.3
,,0.0,0.0,0.0,0.0,0.0,0.0,92.0,57.0,778.0,5.9,170.2,00-0034348,Courtland Sutton,WR,DEN,29.0,0.98,High,16,17,252.8,-82.60000000000002,82.60000000000002,-32.7
,,0.0,0.0,0.0,0.0,0.0,0.0,102.0,75.0,826.0,4.6,185.2,00-0034351,Dallas Goedert,TE,PHI,30.0,1.0,High,15,14,149.4,35.79999999999998,35.79999999999998,24.0
,,0.0,0.0,0.0,0.0,0.0,0.0,19.0,13.0,140.0,0.7,31.2,00-0034364,Jordan Akins,TE,CLE,32.0,0.92,Medium,13,16,91.0,-59.8,59.8,-65.7
,,0.0,0.0,0.0,0.0,0.0,0.0,87.0,59.0,626.0,5.7,155.8,00-0034383,Dalton Schultz,TE,HOU,28.0,1.02,High,17,19,132.8,23.0,23.0,17.3
,,0.0,0.0,0.0,0.0,0.0,0.0,52.0,28.0,466.0,2.3,88.4,00-0034386,Justin Watson,WR,KC,28.0,1.02,High,19,17,66.9,21.5,21.5,32.1
,,0.0,0.0,0.0,0.0,0.0,0.0,38.0,27.0,293.0,0.3,58.1,00-0034407,Ray-Ray McCloud,WR,SF,28.0,1.02,Medium,9,17,142.5,-84.4,84.4,-59.2
,,0.0,0.0,0.0,0.0,0.0,0.0,64.0,39.0,502.0,3.9,112.6,00-0034418,Cedrick Wilson Jr.,WR,MIA,29.0,0.98,Medium,12,10,51.94,60.66,60.66,116.8
,,0.0,0.0,0.0,0.0,0.0,0.0,50.0,26.0,264.0,1.8,63.2,00-0034487,Trent Sherfield,WR,BUF,29.0,0.98,Medium,10,9,25.1,38.1,38.1,151.8
,,0.0,0.0,0.0,0.0,0.0,0.0,64.0,36.0,484.0,3.2,103.6,00-0034521,Allen Lazard,WR,NYJ,29.0,0.98,Medium,13,12,126.0,-22.400000000000006,22.400000000000006,-17.8
,,0.0,0.0,0.0,0.0,0.0,0.0,61.0,45.0,445.0,0.9,94.9,00-0034613,Tanner Hudson,TE,CIN,30.0,1.0,Medium,12,9,38.5,56.400000000000006,56.400000000000006,146.5
,,0.0,0.0,0.0,0.0,0.0,0.0,50.0,34.0,334.0,1.2,74.6,00-0034646,Brandon Powell,WR,MIN,29.0,0.98,Medium,13,7,14.1,60.49999999999999,60.49999999999999,429.1
,,0.0,0.0,0.0,0.0,0.0,0.0,76.0,53.0,635.0,5.4,148.9,00-0034753,Mark Andrews,TE,BAL,29.0,1.02,Medium,11,19,203.4,-54.5,54.5,-26.8
,,0.0,0.0,0.0,0.0,0.0,0.0,94.0,62.0,821.0,4.4,170.5,00-0034775,Christian Kirk,WR,JAX,28.0,1.02,Medium,12,8,70.9,99.6,99.6,140.5
468.0,304.0,3550.0,24.1,9.4,971.0,1001.0,5.7,0.0,0.0,0.0,0.0,353.9,00-0034796,Lamar Jackson,QB,BAL,28.0,1.02,High,18,19,471.54,-117.64000000000004,117.64000000000004,-24.9
,,0.0,0.0,0.0,0.0,0.0,0.0,52.0,42.0,411.0,0.6,86.7,00-0034798,Durham Smythe,TE,MIA,29.0,1.02,High,14,13,14.3,72.4,72.4,506.3
,,0.0,0.0,0.0,0.0,0.0,0.0,140.0,89.0,1266.0,7.3,259.4,00-0034827,DJ Moore,WR,CHI,27.0,1.03,High,17,17,238.1,21.299999999999983,21.299999999999983,8.9
,,0.0,0.0,0.0,0.0,0.0,0.0,52.0,33.0,331.0,2.9,83.5,00-0034829,Mike Gesicki,TE,NE,29.0,1.02,High,15,16,141.5,-58.0,58.0,-41.0
,,0.0,0.0,0.0,0.0,0.0,0.0,46.0,30.0,282.0,1.9,69.6,00-0034830,Hayden Hurst,TE,CAR,31.0,0.97,Medium,9,7,15.3,54.3,54.3,354.9
,,0.0,0.0,0.0,0.0,0.0,0.0,126.0,72.0,918.0,7.0,205.8,00-0034837,Calvin Ridley,WR,JAX,30.0,0.93,High,17,17,199.2,6.600000000000023,6.600000000000023,3.3
,,0.0,0.0,0.0,241.0,954.0,6.2,58.0,41.0,282.0,1.7,212.0,00-0034844,Saquon Barkley,RB,NYG,28.0,0.86,High,14,20,455.7000000000001,-243.7000000000001,243.7000000000001,-53.5
,,0.0,0.0,0.0,0.0,0.0,0.0,21.0,13.0,204.0,0.3,35.2,00-0034854,KhaDarel Hodge,WR,ATL,31.0,0.87,Medium,13,6,32.1,3.1000000000000014,3.1000000000000014,9.7
578.0,360.0,4056.0,25.2,12.2,169.0,153.0,1.1,0.0,0.0,0.0,0.0,260.5,00-0034855,Baker Mayfield,QB,TB,29.0,1.03,High,19,18,381.5,-121.0,121.0,-31.7
641.0,420.0,4712.0,35.2,16.4,705.0,657.0,12.0,0.0,0.0,0.0,0.0,434.2,00-0034857,Josh Allen,QB,BUF,28.0,1.02,High,19,19,438.28,-4.079999999999984,4.079999999999984,-0.9
187.0,111.0,1309.0,6.9,4.8,112.0,151.0,3.4,0.0,0.0,0.0,0.0,105.9,00-0034869,Sam Darnold,QB,SF,27.0,1.0,Low,10,18,319.66,-213.76000000000002,213.76000000000002,-66.9
,,0.0,0.0,0.0,0.0,0.0,0.0,95.0,65.0,744.0,5.5,172.4,00-0034960,Jakobi Meyers,WR,LV,28.0,1.02,High,16,15,218.0,-45.599999999999994,45.599999999999994,-20.9
,,0.0,0.0,0.0,170.0,663.0,2.0,34.0,25.0,163.0,1.0,125.6,00-0034972,Alexander Mattison,RB,MIN,26.0,1.0,High,16,14,137.4,-11.800000000000011,11.800000000000011,-8.6
,,0.0,0.0,0.0,71.0,339.0,1.6,32.0,24.0,165.0,1.0,90.0,00-0034975,Justice Hill,RB,BAL,27.0,0.94,High,18,17,147.3,-57.30000000000001,57.30000000000001,-38.9
,,0.0,0.0,0.0,0.0,0.0,0.0,34.0,25.0,278.0,1.7,63.0,00-0034981,Foster Moreau,TE,NO,27.0,1.01,Medium,11,15,103.3,-40.3,40.3,-39.0
,,0.0,0.0,0.0,0.0,0.0,0.0,45.0,28.0,286.0,2.1,69.2,00-0035140,Mecole Hardman,WR,KC,26.0,1.02,Medium,8,7,33.2,36.0,36.0,108.4
,,0.0,0.0,0.0,0.0,0.0,0.0,32.0,19.0,266.0,2.1,58.2,00-0035208,Olamide Zaccheaus,WR,PHI,27.0,1.03,Medium,12,18,127.9,-69.7,69.7,-54.5
,,0.0,0.0,0.0,0.0,0.0,0.0,104.0,62.0,746.0,4.4,163.0,00-0035216,Diontae Johnson,WR,PIT,28.0,1.02,High,14,7,84.3,78.7,78.7,93.4
520.0,345.0,3479.0,20.2,10.0,514.0,575.0,6.3,0.0,0.0,0.0,0.0,295.3,00-0035228,Kyler Murray,QB,ARI,27.0,1.0,Medium,8,17,297.24,-1.9399999999999977,1.9399999999999977,-0.7
,,0.0,0.0,0.0,0.0,0.0,0.0,137.0,98.0,1036.0,6.0,237.6,00-0035229,T.J. Hockenson,TE,MIN,27.0,1.01,High,15,11,103.9,133.7,133.7,128.7
,,0.0,0.0,0.0,119.0,514.0,2.7,32.0,22.0,121.0,1.0,107.7,00-0035243,Miles Sanders,RB,CAR,27.0,0.94,High,16,11,77.30000000000001,30.39999999999999,30.39999999999999,39.3
,,0.0,0.0,0.0,0.0,0.0,0.0,34.0,24.0,235.0,2.2,60.7,00-0035249,Josh Oliver,TE,MIN,27.0,1.01,Medium,12,12,67.3,-6.599999999999994,6.599999999999994,-9.8
,,0.0,0.0,0.0,160.0,690.0,3.9,32.0,25.0,166.0,1.0,140.0,00-0035250,Devin Singletary,RB,HOU,27.0,0.94,High,19,15,96.6,43.400000000000006,43.400000000000006,44.9
,,0.0,0.0,0.0,231.0,1014.0,6.8,56.0,44.0,292.0,1.7,225.6,00-0035261,Tony Pollard,RB,DAL,27.0,0.94,High,18,16,200.7,24.900000000000006,24.900000000000006,12.4
486.0,305.0,3435.0,18.1,10.0,109.0,97.0,2.6,0.0,0.0,0.0,0.0,215.1,00-0035289,Gardner Minshew,QB,IND,28.0,1.02,High,16,10,96.32,118.78,118.78,123.3
,,0.0,0.0,0.0,0.0,0.0,0.0,25.0,16.0,218.0,3.0,55.8,00-0035406,Lil'Jordan Humphrey,WR,DEN,26.0,1.02,Medium,11,14,64.3,-8.5,8.5,-13.2
,,0.0,0.0,0.0,0.0,0.0,0.0,66.0,45.0,455.0,2.7,106.7,00-0035500,Greg Dortch,WR,ARI,26.0,1.02,Medium,9,17,90.3,16.400000000000006,16.400000000000006,18.2
,,0.0,0.0,0.0,0.0,0.0,0.0,87.0,52.0,798.0,3.4,152.2,00-0035535,Darius Slayton,WR,NYG,28.0,1.02,High,17,16,110.0,42.19999999999999,42.19999999999999,38.4
,,0.0,0.0,0.0,82.0,370.0,0.9,19.0,12.0,105.0,0.6,68.5,00-0035537,Ty Johnson,RB,BUF,27.0,0.94,Medium,9,20,114.5,-46.0,46.0,-40.2
,,0.0,0.0,0.0,63.0,269.0,1.7,17.0,16.0,157.0,0.5,71.8,00-0035567,Craig Reynolds,RB,DET,28.0,0.86,Low,7,7,20.9,50.9,50.9,243.5
,,0.0,0.0,0.0,26.0,100.0,0.2,0.0,0.0,0.0,0.0,11.2,00-0035628,D'Ernest Johnson,RB,JAX,29.0,0.76,High,15,12,35.9,-24.7,24.7,-68.8
,,0.0,0.0,0.0,0.0,0.0,0.0,26.0,21.0,129.0,1.2,41.1,00-0035631,Drew Sample,TE,CIN,28.0,1.02,High,14,11,36.5,4.600000000000001,4.600000000000001,12.6
,,0.0,0.0,0.0,0.0,0.0,0.0,123.0,73.0,1081.0,8.3,230.9,00-0035640,DK Metcalf,WR,SEA,27.0,1.03,High,16,15,191.2,39.70000000000002,39.70000000000002,20.8
,,0.0,0.0,0.0,0.0,0.0,0.0,52.0,39.0,442.0,1.4,91.6,00-0035644,Noah Fant,TE,SEA,27.0,1.01,High,14,14,104.0,-12.400000000000006,12.400000000000006,-11.9
,,0.0,0.0,0.0,0.0,0.0,0.0,133.0,82.0,1106.0,4.5,219.6,00-0035659,Terry McLaurin,WR,WAS,29.0,0.98,High,17,20,322.5,-102.9,102.9,-31.9
,,0.0,0.0,0.0,0.0,0.0,0.0,158.0,102.0,1481.0,8.8,302.9,00-0035676,A.J. Brown,WR,PHI,27.0,1.03,High,17,17,257.2,45.69999999999999,45.69999999999999,17.8
,,0.0,0.0,0.0,240.0,1042.0,10.8,32.0,25.0,200.0,1.0,220.0,00-0035685,David Montgomery,RB,DET,27.0,0.94,High,17,15,225.32,-5.319999999999993,5.319999999999993,-2.4
,,0.0,0.0,0.0,0.0,0.0,0.0,49.0,32.0,316.0,4.5,90.6,00-0035689,Dawson Knox,TE,BUF,28.0,1.02,Medium,12,17,67.6,23.0,23.0,34.0
,,0.0,0.0,0.0,235.0,926.0,7.3,56.0,42.0,319.0,1.7,220.5,00-0035700,Josh Jacobs,RB,LV,27.0,0.94,Medium,13,18,314.20000000000005,-93.70000000000005,93.70000000000005,-29.8
488.0,324.0,3025.0,10.1,13.1,611.0,609.0,3.7,0.0,0.0,0.0,0.0,218.3,00-0035710,Daniel Jones,QB,NYG,27.0,1.0,Low,6,10,135.3,83.0,83.0,61.3
,,0.0,0.0,0.0,0.0,0.0,0.0,108.0,70.0,979.0,5.2,199.1,00-0035719,Deebo Samuel Sr.,WR,SF,29.0,0.98,High,18,14,155.6,43.5,43.5,28.0
,,0.0,0.0,0.0,0.0,0.0,0.0,49.0,30.0,319.0,4.0,85.9,00-0036040,Juwan Johnson,TE,NO,28.0,1.02,Medium,13,15,122.8,-36.89999999999999,36.89999999999999,-30.0
,,0.0,0.0,0.0,85.0,343.0,1.7,17.0,13.0,107.0,0.5,71.2,00-0036139,Rico Dowdle,RB,DAL,26.0,1.0,High,17,16,197.8,-126.60000000000001,126.60000000000001,-64.0
,,0.0,0.0,0.0,0.0,0.0,0.0,53.0,31.0,422.0,3.4,93.6,00-0036182,Nick Westbrook-Ikhine,WR,TEN,27.0,1.03,Medium,13,13,135.7,-42.099999999999994,42.099999999999994,-31.0
,,0.0,0.0,0.0,0.0,0.0,0.0,69.0,38.0,647.0,6.2,139.9,00-0036196,Gabe Davis,WR,BUF,26.0,1.02,High,16,9,53.9,86.0,86.0,159.6
552.0,370.0,4410.0,28.3,12.9,111.0,109.0,0.9,0.0,0.0,0.0,0.0,280.1,00-0036212,Tua Tagovailoa,QB,MIA,27.0,1.0,High,18,11,181.58,98.52000000000001,98.52000000000001,54.3
,,0.0,0.0,0.0,264.0,1211.0,10.1,26.0,20.0,146.0,0.8,221.1,00-0036223,Jonathan Taylor,RB,IND,26.0,1.0,Medium,10,14,246.7,-25.599999999999994,25.599999999999994,-10.4
,,0.0,0.0,0.0,0.0,0.0,0.0,33.0,24.0,241.0,1.6,57.7,00-0036244,Colby Parkinson,TE,SEA,26.0,0.98,High,14,17,77.6,-19.89999999999999,19.89999999999999,-25.6
,,0.0,0.0,0.0,192.0,853.0,4.6,39.0,30.0,189.0,1.2,169.0,00-0036251,Zack Moss,RB,IND,27.0,0.94,High,14,8,81.9,87.1,87.1,106.3
,,0.0,0.0,0.0,0.0,0.0,0.0,193.0,134.0,1413.0,5.4,307.7,00-0036252,Michael Pittman,WR,IND,27.0,1.03,High,16,16,165.8,141.89999999999998,141.89999999999998,85.6
,,0.0,0.0,0.0,0.0,0.0,0.0,35.0,22.0,276.0,1.5,58.6,00-0036259,Jauan Jennings,WR,SF,27.0,1.03,High,15,15,210.5,-151.9,151.9,-72.2
,,0.0,0.0,0.0,0.0,0.0,0.0,104.0,69.0,1097.0,6.4,217.1,00-0036261,Brandon Aiyuk,WR,SF,26.0,1.02,High,19,7,62.400000000000006,154.7,154.7,247.9
549.0,353.0,4053.0,30.2,11.5,202.0,142.0,2.1,0.0,0.0,0.0,0.0,286.7,00-0036264,Jordan Love,QB,GB,26.0,0.98,High,19,16,237.34,49.359999999999985,49.359999999999985,20.8
,,0.0,0.0,0.0,0.0,0.0,0.0,25.0,20.0,173.0,0.5,40.3,00-0036268,Laviska Shenault Jr.,WR,CAR,26.0,1.02,Medium,8,6,14.7,25.599999999999998,25.599999999999998,174.1
,,0.0,0.0,0.0,238.0,1101.0,7.1,51.0,39.0,269.0,1.5,227.6,00-0036275,D'Andre Swift,RB,PHI,26.0,1.0,High,17,17,214.5,13.099999999999994,13.099999999999994,6.1
,,0.0,0.0,0.0,0.0,0.0,0.0,96.0,73.0,731.0,6.1,182.7,00-0036290,Cole Kmet,TE,CHI,25.0,0.94,High,15,14,120.4,62.29999999999998,62.29999999999998,51.7
,,0.0,0.0,0.0,0.0,0.0,0.0,70.0,40.0,507.0,1.8,101.5,00-0036309,Darnell Mooney,WR,CHI,27.0,1.03,High,14,16,193.2,-91.69999999999999,91.69999999999999,-47.5
,,0.0,0.0,0.0,0.0,0.0,0.0,145.0,99.0,1499.0,7.1,291.5,00-0036322,Justin Jefferson,WR,MIN,25.0,0.99,Medium,10,18,328.28000000000003,-36.78000000000003,36.78000000000003,-11.2
,,0.0,0.0,0.0,60.0,237.0,1.5,68.0,55.0,426.0,2.0,142.3,00-0036328,Antonio Gibson,RB,WAS,26.0,1.0,High,16,17,103.4,38.900000000000006,38.900000000000006,37.6
,,0.0,0.0,0.0,0.0,0.0,0.0,32.0,20.0,174.0,1.0,43.4,00-0036331,Devin Duvernay,WR,BAL,27.0,1.03,Low,6,10,19.200000000000003,24.199999999999996,24.199999999999996,126.0
,,0.0,0.0,0.0,0.0,0.0,0.0,88.0,57.0,646.0,4.6,149.2,00-0036345,K.J. Osborn,WR,MIN,27.0,1.03,High,15,6,18.7,130.5,130.5,697.9
583.0,385.0,4052.0,25.5,9.2,237.0,259.0,3.0,0.0,0.0,0.0,0.0,289.6,00-0036355,Justin Herbert,QB,LAC,26.0,0.98,Medium,13,18,291.08,-1.4799999999999613,1.4799999999999613,-0.5
,,0.0,0.0,0.0,0.0,0.0,0.0,168.0,119.0,1541.0,9.7,331.3,00-0036358,CeeDee Lamb,WR,DAL,25.0,0.99,High,18,15,263.40000000000003,67.89999999999998,67.89999999999998,25.8
,,0.0,0.0,0.0,0.0,0.0,0.0,38.0,16.0,236.0,0.7,43.8,00-0036387,Jalen Reagor,WR,NE,26.0,1.02,Medium,9,7,14.7,29.099999999999998,29.099999999999998,198.0
534.0,347.0,3917.0,22.5,11.7,712.0,669.0,13.6,0.0,0.0,0.0,0.0,371.8,00-0036389,Jalen Hurts,QB,PHI,26.0,0.98,High,18,19,411.56,-39.75999999999999,39.75999999999999,-9.7
,,0.0,0.0,0.0,0.0,0.0,0.0,93.0,58.0,820.0,2.9,157.4,00-0036407,Jerry Jeudy,WR,DEN,25.0,0.99,High,16,17,240.9,-83.5,83.5,-34.7
,,0.0,0.0,0.0,0.0,0.0,0.0,108.0,65.0,958.0,6.8,201.6,00-0036410,Tee Higgins,WR,CIN,26.0,1.02,Medium,12,12,222.1,-20.5,20.5,-9.2
,,0.0,0.0,0.0,129.0,305.0,4.7,34.0,29.0,215.0,1.0,115.2,00-0036414,Cam Akers,RB,LA,25.0,1.02,Low,6,11,66.80000000000001,48.39999999999999,48.39999999999999,72.5
,,0.0,0.0,0.0,0.0,0.0,0.0,52.0,27.0,345.0,1.1,68.1,00-0036415,Van Jefferson,WR,LA,28.0,1.02,Medium,10,16,75.3,-7.200000000000003,7.200000000000003,-9.6
,,0.0,0.0,0.0,0.0,0.0,0.0,35.0,24.0,241.0,2.4,62.5,00-0036422,Adam Trautman,TE,DEN,28.0,1.02,High,16,14,45.0,17.5,17.5,38.9
,,0.0,0.0,0.0,32.0,134.0,0.6,19.0,15.0,92.0,0.6,44.8,00-0036425,DeeJay Dallas,RB,SEA,26.0,1.0,Medium,10,7,21.0,23.799999999999997,23.799999999999997,113.3
614.0,413.0,4201.0,28.0,10.9,187.0,190.0,2.0,0.0,0.0,0.0,0.0,289.2,00-0036442,Joe Burrow,QB,CIN,28.0,1.02,Medium,10,17,372.82,-83.62,83.62,-22.4
,,0.0,0.0,0.0,0.0,0.0,0.0,50.0,29.0,390.0,1.6,77.6,00-0036550,Rashod Bateman,WR,BAL,25.0,0.99,High,17,18,201.6,-124.0,124.0,-61.5
,,0.0,0.0,0.0,0.0,0.0,0.0,135.0,90.0,1368.0,7.6,272.4,00-0036554,Nico Collins,WR,HOU,25.0,0.99,High,17,14,248.9,23.49999999999997,23.49999999999997,9.4
,,0.0,0.0,0.0,243.0,964.0,5.3,34.0,29.0,205.0,1.0,183.7,00-0036555,Chuba Hubbard,RB,CAR,25.0,1.02,High,17,15,241.6,-57.900000000000006,57.900000000000006,-24.0
,,0.0,0.0,0.0,0.0,0.0,0.0,139.0,94.0,1343.0,6.2,265.5,00-0036613,Jaylen Waddle,WR,MIA,26.0,1.02,High,15,15,149.6,115.9,115.9,77.5
,,0.0,0.0,0.0,0.0,0.0,0.0,24.0,11.0,187.0,1.5,38.7,00-0036626,Dyami Brown,WR,WAS,25.0,0.99,Medium,13,18,108.3,-69.6,69.6,-64.3
,,0.0,0.0,0.0,0.0,0.0,0.0,26.0,18.0,155.0,0.5,36.5,00-0036628,John Bates,TE,WAS,27.0,1.01,High,14,13,20.5,16.0,16.0,78.0
,,0.0,0.0,0.0,0.0,0.0,0.0,48.0,34.0,342.0,1.9,79.6,00-0036637,Noah Gray,TE,KC,25.0,0.94,High,20,18,118.8,-39.2,39.2,-33.0
,,0.0,0.0,0.0,0.0,0.0,0.0,20.0,17.0,163.0,2.1,45.9,00-0036754,Brock Wright,TE,DET,26.0,0.98,Medium,9,10,35.0,10.899999999999999,10.899999999999999,31.1
,,0.0,0.0,0.0,0.0,0.0,0.0,67.0,38.0,522.0,3.5,111.2,00-0036849,Tutu Atwell,WR,LA,25.0,0.99,High,15,16,101.7,9.5,9.5,9.3
,,0.0,0.0,0.0,158.0,678.0,4.2,63.0,48.0,304.0,1.9,182.8,00-0036875,Rhamondre Stevenson,RB,NE,27.0,0.94,Medium,12,15,175.9,6.900000000000006,6.900000000000006,3.9
,,0.0,0.0,0.0,0.0,0.0,0.0,50.0,33.0,371.0,0.7,74.3,00-0036876,Kylen Granson,TE,IND,26.0,0.98,High,15,14,32.2,42.099999999999994,42.099999999999994,130.7
,,0.0,0.0,0.0,0.0,0.0,0.0,21.0,18.0,201.0,0.0,38.1,00-0036887,Luke Farrell,TE,JAX,27.0,1.01,Medium,9,10,18.7,19.400000000000002,19.400000000000002,103.7
,,0.0,0.0,0.0,238.0,936.0,6.6,42.0,33.0,193.0,1.3,193.3,00-0036893,Najee Harris,RB,PIT,26.0,1.0,High,18,18,213.4,-20.099999999999994,20.099999999999994,-9.4
,,0.0,0.0,0.0,0.0,0.0,0.0,60.0,40.0,419.0,2.2,95.1,00-0036894,Pat Freiermuth,TE,PIT,26.0,0.98,Medium,12,18,172.8,-77.70000000000002,77.70000000000002,-45.0
,,0.0,0.0,0.0,0.0,0.0,0.0,135.0,91.0,1145.0,7.9,252.9,00-0036900,Ja'Marr Chase,WR,CIN,25.0,0.99,High,16,17,403.0,-150.1,150.1,-37.2
,,0.0,0.0,0.0,0.0,0.0,0.0,121.0,84.0,1128.0,6.4,235.2,00-0036912,DeVonta Smith,WR,PHI,26.0,1.02,High,17,17,240.4,-5.200000000000017,5.200000000000017,-2.2
,,0.0,0.0,0.0,70.0,304.0,2.6,34.0,27.0,179.0,1.0,96.9,00-0036919,Kenneth Gainwell,RB,PHI,25.0,1.02,High,17,20,72.4,24.5,24.5,33.8
461.0,280.0,3203.0,20.1,12.9,994.0,943.0,6.0,0.0,0.0,0.0,0.0,313.0,00-0036945,Justin Fields,QB,CHI,25.0,0.95,Medium,13,11,119.14,193.86,193.86,162.7
,,0.0,0.0,0.0,0.0,0.0,0.0,151.0,109.0,1305.0,7.6,285.1,00-0036963,Amon-Ra St. Brown,WR,DET,25.0,0.99,High,19,18,337.88,-52.77999999999997,52.77999999999997,-15.6
,,0.0,0.0,0.0,0.0,0.0,0.0,75.0,42.0,547.0,2.2,109.9,00-0036970,Kyle Pitts,TE,ATL,24.0,0.88,High,17,17,131.2,-21.299999999999983,21.299999999999983,-16.2
517.0,335.0,3575.0,19.1,12.3,291.0,338.0,4.0,0.0,0.0,0.0,0.0,252.6,00-0036971,Trevor Lawrence,QB,JAX,25.0,0.95,High,16,10,145.7,106.9,106.9,73.4
476.0,311.0,3073.0,15.0,14.8,125.0,140.0,0.3,0.0,0.0,0.0,0.0,169.1,00-0036972,Mac Jones,QB,NE,26.0,0.98,Medium,11,10,96.08,73.02,73.02,76.0
,,0.0,0.0,0.0,272.0,1133.0,9.9,68.0,54.0,451.0,2.0,283.8,00-0036973,Travis Etienne,RB,JAX,26.0,1.0,High,17,15,130.2,153.60000000000002,153.60000000000002,118.0
,,0.0,0.0,0.0,0.0,0.0,0.0,114.0,65.0,732.0,2.9,155.6,00-0036980,Elijah Moore,WR,CLE,24.0,0.96,High,17,17,120.9,34.69999999999999,34.69999999999999,28.7
,,0.0,0.0,0.0,60.0,302.0,0.4,12.0,7.0,36.0,0.4,45.6,00-0036984,Trey Sermon,RB,IND,26.0,1.0,Medium,8,14,53.8,-8.199999999999996,8.199999999999996,-15.2
,,0.0,0.0,0.0,0.0,0.0,0.0,105.0,67.0,906.0,3.6,179.2,00-0036988,Josh Palmer,WR,LAC,25.0,0.99,Medium,10,15,107.4,71.79999999999998,71.79999999999998,66.9
,,0.0,0.0,0.0,214.0,828.0,2.4,51.0,40.0,202.0,1.5,166.4,00-0036997,Javonte Williams,RB,DEN,24.0,1.01,High,16,18,164.20000000000002,2.1999999999999886,2.1999999999999886,1.3
,,0.0,0.0,0.0,0.0,0.0,0.0,30.0,20.0,173.0,2.5,52.3,00-0037005,Tommy Tremble,TE,CAR,24.0,0.88,Medium,13,10,56.4,-4.100000000000001,4.100000000000001,-7.3
,,0.0,0.0,0.0,26.0,171.0,1.0,32.0,22.0,122.0,1.0,63.3,00-0037120,Tyler Goodson,RB,IND,24.0,1.01,Low,6,9,44.4,18.9,18.9,42.6
,,0.0,0.0,0.0,272.0,1224.0,9.1,68.0,62.0,375.0,2.0,288.5,00-0037197,Isiah Pacheco,RB,KC,26.0,1.0,High,18,10,65.30000000000001,223.2,223.2,341.8
,,0.0,0.0,0.0,144.0,747.0,3.3,68.0,57.0,363.0,2.0,199.8,00-0037228,Jaylen Warren,RB,PIT,26.0,1.0,High,18,16,130.6,69.20000000000002,69.20000000000002,53.0
,,0.0,0.0,0.0,0.0,0.0,0.0,107.0,67.0,856.0,2.5,167.6,00-0037238,Drake London,WR,ATL,23.0,0.9,High,16,17,280.8,-113.20000000000002,113.20000000000002,-40.3
,,0.0,0.0,0.0,0.0,0.0,0.0,147.0,92.0,1229.0,5.2,246.1,00-0037239,Chris Olave,WR,NO,24.0,0.96,High,16,8,76.7,169.39999999999998,169.39999999999998,220.9
,,0.0,0.0,0.0,0.0,0.0,0.0,46.0,23.0,354.0,3.1,77.0,00-0037240,Jameson Williams,WR,DET,23.0,0.9,High,15,16,225.2,-148.2,148.2,-65.8
,,0.0,0.0,0.0,0.0,0.0,0.0,92.0,54.0,915.0,4.0,169.5,00-0037247,George Pickens,WR,PIT,23.0,0.9,High,18,15,184.1,-14.599999999999994,14.599999999999994,-7.9
,,0.0,0.0,0.0,243.0,1149.0,2.6,70.0,55.0,496.0,2.1,247.7,00-0037248,James Cook,RB,BUF,25.0,1.02,High,19,19,324.3,-76.60000000000002,76.60000000000002,-23.6
,,0.0,0.0,0.0,289.0,1085.0,5.1,68.0,59.0,464.0,2.0,256.5,00-0037256,Rachaad White,RB,TB,26.0,1.0,High,19,16,203.1,53.400000000000006,53.400000000000006,26.3
,,0.0,0.0,0.0,199.0,681.0,3.1,17.0,13.0,86.0,0.5,111.3,00-0037258,Dameon Pierce,RB,HOU,25.0,1.02,High,14,11,46.0,65.3,65.3,142.0
,,0.0,0.0,0.0,0.0,0.0,0.0,50.0,39.0,565.0,3.1,114.1,00-0037261,Khalil Shakir,WR,BUF,25.0,0.99,High,18,18,217.9,-103.80000000000001,103.80000000000001,-47.6
,,0.0,0.0,0.0,155.0,637.0,2.9,17.0,14.0,142.0,0.5,112.3,00-0037263,Tyler Allgeier,RB,ATL,24.0,1.01,High,17,17,106.2,6.099999999999994,6.099999999999994,5.7
,,0.0,0.0,0.0,199.0,712.0,3.2,61.0,44.0,305.0,1.8,175.7,00-0037267,Jerome Ford,RB,CLE,25.0,1.02,High,18,14,134.0,41.69999999999999,41.69999999999999,31.1
,,0.0,0.0,0.0,128.0,537.0,2.8,32.0,27.0,205.0,1.0,124.0,00-0037276,Ty Chandler,RB,MIN,26.0,1.0,Medium,13,10,28.4,95.6,95.6,336.6
,,0.0,0.0,0.0,0.0,0.0,0.0,33.0,14.0,229.0,3.1,55.5,00-0037292,Andrew Ogletree,TE,IND,26.0,0.98,Medium,10,11,25.9,29.6,29.6,114.3
,,0.0,0.0,0.0,0.0,0.0,0.0,20.0,12.0,122.0,0.7,28.4,00-0037475,Stone Smartt,TE,LAC,26.0,0.98,Medium,12,7,34.8,-6.399999999999999,6.399999999999999,-18.4
,,0.0,0.0,0.0,75.0,407.0,4.3,5.0,4.0,40.0,0.2,75.7,00-0037525,Jordan Mason,RB,SF,25.0,1.02,Medium,9,12,115.0,-39.3,39.3,-34.2
,,0.0,0.0,0.0,0.0,0.0,0.0,20.0,11.0,131.0,1.4,32.5,00-0037539,Lucas Krull,TE,DEN,26.0,0.98,Low,7,11,35.4,-2.8999999999999986,2.8999999999999986,-8.2
,,0.0,0.0,0.0,0.0,0.0,0.0,69.0,46.0,742.0,4.5,147.2,00-0037545,Rashid Shaheed,WR,NO,26.0,1.02,High,15,6,81.80000000000001,65.39999999999998,65.39999999999998,80.0
,,0.0,0.0,0.0,60.0,204.0,2.4,19.0,19.0,120.0,0.6,69.4,00-0037557,Ronnie Rivers,RB,LA,26.0,1.0,Medium,8,6,19.1,50.300000000000004,50.300000000000004,263.4
,,0.0,0.0,0.0,0.0,0.0,0.0,33.0,19.0,202.0,0.0,39.2,00-0037614,John Metchie III,WR,HOU,24.0,0.96,High,15,12,65.7,-26.5,26.5,-40.3
,,0.0,0.0,0.0,0.0,0.0,0.0,49.0,25.0,386.0,1.4,72.0,00-0037664,Alec Pierce,WR,IND,24.0,0.96,High,17,16,161.4,-89.4,89.4,-55.4
,,0.0,0.0,0.0,0.0,0.0,0.0,43.0,26.0,281.0,1.8,64.9,00-0037666,Jalen Tolbert,WR,DAL,26.0,1.02,High,14,17,152.0,-87.1,87.1,-57.3
,,0.0,0.0,0.0,0.0,0.0,0.0,163.0,92.0,1070.0,3.3,218.8,00-0037740,Garrett Wilson,WR,NYJ,24.0,0.96,High,17,17,251.9,-33.099999999999994,33.099999999999994,-13.1
,,0.0,0.0,0.0,0.0,0.0,0.0,82.0,48.0,574.0,5.7,139.6,00-0037741,Jahan Dotson,WR,WAS,24.0,0.96,High,17,16,56.2,83.39999999999999,83.39999999999999,148.4
,,0.0,0.0,0.0,0.0,0.0,0.0,96.0,73.0,726.0,2.7,161.8,00-0037744,Trey McBride,TE,ARI,25.0,0.94,High,17,16,243.8,-82.0,82.0,-33.6
,,0.0,0.0,0.0,173.0,698.0,3.6,34.0,28.0,274.0,1.0,152.8,00-0037746,Brian Robinson,RB,WAS,25.0,1.02,High,15,17,190.9,-38.099999999999994,38.099999999999994,-20.0
,,0.0,0.0,0.0,0.0,0.0,0.0,25.0,17.0,175.0,3.0,52.5,00-0037801,KaVontae Turpin,WR,DAL,28.0,1.02,Medium,12,15,104.2,-51.7,51.7,-49.6
,,0.0,0.0,0.0,0.0,0.0,0.0,30.0,21.0,194.0,0.0,40.4,00-0037805,Jeremy Ruckert,TE,NYJ,24.0,0.88,Medium,10,13,28.5,11.899999999999999,11.899999999999999,41.8
,,0.0,0.0,0.0,0.0,0.0,0.0,64.0,45.0,485.0,1.6,103.1,00-0037809,Chig Okonkwo,TE,TEN,25.0,0.94,High,17,16,113.6,-10.5,10.5,-9.2
,,0.0,0.0,0.0,0.0,0.0,0.0,82.0,52.0,639.0,5.9,151.3,00-0037816,Romeo Doubs,WR,GB,24.0,0.96,High,19,14,135.4,15.900000000000006,15.900000000000006,11.7
452.0,305.0,4054.0,24.9,9.3,154.0,150.0,2.1,0.0,0.0,0.0,0.0,270.8,00-0037834,Brock Purdy,QB,SF,25.0,0.95,High,19,15,266.86,3.9399999999999977,3.9399999999999977,1.5
,,0.0,0.0,0.0,0.0,0.0,0.0,17.0,10.0,104.0,1.1,27.0,00-0037837,Calvin Austin III,WR,PIT,25.0,0.99,High,15,18,124.3,-97.3,97.3,-78.3
,,0.0,0.0,0.0,0.0,0.0,0.0,45.0,31.0,387.0,4.5,96.7,00-0037838,Isaiah Likely,TE,BAL,24.0,0.88,High,15,17,149.3,-52.60000000000001,52.60000000000001,-35.2
,,0.0,0.0,0.0,292.0,1433.0,13.1,48.0,33.0,223.0,1.4,285.6,00-0037840,Kyren Williams,RB,LA,24.0,1.01,Medium,13,18,299.8,-14.199999999999989,14.199999999999989,-4.7
,,0.0,0.0,0.0,60.0,257.0,0.5,20.0,16.0,105.0,0.6,58.8,00-0038040,Zamir White,RB,LV,25.0,1.02,Medium,13,8,29.3,29.499999999999996,29.499999999999996,100.7
,,0.0,0.0,0.0,0.0,0.0,0.0,117.0,85.0,894.0,8.4,224.8,00-0038041,Jake Ferguson,TE,DAL,26.0,0.98,High,18,14,104.4,120.4,120.4,115.3
,,0.0,0.0,0.0,0.0,0.0,0.0,20.0,14.0,167.0,0.7,34.9,00-0038046,Charlie Kolar,TE,BAL,26.0,0.98,Low,7,7,28.3,6.599999999999998,6.599999999999998,23.3
,,0.0,0.0,0.0,73.0,412.0,2.3,19.0,16.0,111.0,0.6,85.7,00-0038098,Pierre Strong,RB,CLE,26.0,1.0,Medium,13,11,35.2,50.5,50.5,143.5
462.0,288.0,2922.0,8.5,7.4,146.0,149.0,2.2,0.0,0.0,0.0,0.0,164.2,00-0038102,Kenny Pickett,QB,PIT,26.0,0.98,Medium,12,7,24.44,139.76,139.76,571.8
,,0.0,0.0,0.0,0.0,0.0,0.0,30.0,26.0,251.0,0.9,56.5,00-0038115,Daniel Bellinger,TE,NYG,24.0,0.88,Medium,13,7,26.5,30.0,30.0,113.2
,,0.0,0.0,0.0,0.0,0.0,0.0,82.0,62.0,564.0,1.5,127.4,00-0038117,Wan'Dale Robinson,WR,NYG,24.0,0.96,High,15,17,182.7,-55.29999999999998,55.29999999999998,-30.3
,,0.0,0.0,0.0,194.0,937.0,5.9,65.0,48.0,416.0,1.9,230.1,00-0038120,Breece Hall,RB,NYJ,23.0,0.95,High,17,16,240.9,-10.800000000000011,10.800000000000011,-4.5
,,0.0,0.0,0.0,0.0,0.0,0.0,78.0,44.0,651.0,7.4,153.5,00-0038124,Christian Watson,WR,GB,25.0,0.99,Medium,11,14,105.3,48.2,48.2,45.8
,,0.0,0.0,0.0,0.0,0.0,0.0,72.0,49.0,492.0,3.5,119.2,00-0038129,Cade Otton,TE,TB,25.0,0.94,High,18,15,145.8,-26.60000000000001,26.60000000000001,-18.2
,,0.0,0.0,0.0,292.0,1250.0,11.1,34.0,27.0,215.0,1.0,246.1,00-0038134,Kenneth Walker III,RB,SEA,24.0,1.01,High,15,11,181.2,64.9,64.9,35.8
,,0.0,0.0,0.0,0.0,0.0,0.0,61.0,40.0,591.0,4.9,128.5,00-0038393,Dontayvion Wicks,WR,GB,23.0,0.9,High,17,18,116.4,12.099999999999994,12.099999999999994,10.4
,,0.0,0.0,0.0,0.0,0.0,0.0,32.0,22.0,253.0,0.0,47.3,00-0038394,Will Mallory,TE,IND,25.0,0.94,Medium,11,7,6.9,40.4,40.4,585.5
,,0.0,0.0,0.0,0.0,0.0,0.0,36.0,22.0,183.0,1.5,49.3,00-0038465,Malik Heath,WR,GB,24.0,0.96,Medium,12,6,31.700000000000003,17.599999999999994,17.599999999999994,55.5
,,0.0,0.0,0.0,0.0,0.0,0.0,31.0,17.0,185.0,0.0,35.5,00-0038496,Xavier Gipson,WR,NYJ,23.0,0.9,High,14,7,16.4,19.1,19.1,116.5
,,0.0,0.0,0.0,194.0,884.0,3.6,82.0,55.0,462.0,2.4,225.6,00-0038542,Bijan Robinson,RB,ATL,23.0,0.95,High,17,17,341.7,-116.1,116.1,-34.0
,,0.0,0.0,0.0,0.0,0.0,0.0,76.0,51.0,508.0,3.3,121.6,00-0038543,Jaxon Smith-Njigba,WR,SEA,23.0,0.9,High,17,17,253.0,-131.4,131.4,-51.9
,,0.0,0.0,0.0,0.0,0.0,0.0,46.0,26.0,295.0,1.4,63.9,00-0038544,Quentin Johnston,WR,LAC,23.0,0.9,High,17,16,174.70000000000002,-110.80000000000001,110.80000000000001,-63.4
,,0.0,0.0,0.0,0.0,0.0,0.0,20.0,11.0,88.0,2.4,34.2,00-0038547,Luke Schoonmaker,TE,DAL,26.0,0.98,Medium,12,10,57.1,-22.9,22.9,-40.1
,,0.0,0.0,0.0,53.0,201.0,1.3,17.0,15.0,181.0,0.5,64.0,00-0038551,Kendre Miller,RB,NO,22.0,0.88,Low,7,6,29.1,34.9,34.9,119.9
,,0.0,0.0,0.0,53.0,139.0,2.1,5.0,1.0,8.0,0.2,29.5,00-0038555,Tank Bigsby,RB,JAX,22.0,0.88,Medium,13,15,129.0,-99.5,99.5,-77.1
,,0.0,0.0,0.0,0.0,0.0,0.0,16.0,10.0,87.0,0.0,18.7,00-0038558,Darnell Washington,TE,PIT,23.0,0.8,Medium,9,14,46.9,-28.2,28.2,-60.1
,,0.0,0.0,0.0,0.0,0.0,0.0,64.0,42.0,624.0,3.3,124.2,00-0038559,Michael Wilson,WR,ARI,25.0,0.99,Medium,13,16,124.5,-0.29999999999999716,0.29999999999999716,-0.2
,,0.0,0.0,0.0,0.0,0.0,0.0,34.0,19.0,331.0,2.0,64.1,00-0038563,Tre Tucker,WR,LV,23.0,0.9,Medium,13,17,129.3,-65.20000000000002,65.20000000000002,-50.4
,,0.0,0.0,0.0,0.0,0.0,0.0,16.0,14.0,62.0,0.0,20.2,00-0038573,Derius Davis,WR,LAC,24.0,0.96,High,14,12,41.2,-21.000000000000004,21.000000000000004,-51.0
515.0,320.0,3331.0,18.0,10.5,17.0,17.0,1.5,0.0,0.0,0.0,0.0,194.9,00-0038579,Aidan O'Connell,QB,LV,26.0,0.98,Medium,11,9,93.48,101.42,101.42,108.5
192.0,103.0,755.0,1.7,6.9,111.0,158.0,0.0,0.0,0.0,0.0,0.0,39.0,00-0038583,Dorian Thompson-Robinson,QB,CLE,25.0,0.95,Low,7,6,15.8,23.2,23.2,146.8
,,0.0,0.0,0.0,0.0,0.0,0.0,26.0,16.0,167.0,1.7,42.9,00-0038589,Josh Whyle,TE,TEN,25.0,0.94,Medium,8,14,60.8,-17.9,17.9,-29.4
,,0.0,0.0,0.0,66.0,270.0,2.7,26.0,24.0,265.0,0.8,98.5,00-0038597,Chase Brown,RB,CIN,24.0,1.01,Medium,10,16,255.0,-156.5,156.5,-61.4
,,0.0,0.0,0.0,0.0,0.0,0.0,48.0,37.0,305.0,4.6,95.1,00-0038606,Parker Washington,WR,JAX,22.0,0.82,Low,6,13,97.0,-1.9000000000000057,1.9000000000000057,-2.0
,,0.0,0.0,0.0,109.0,527.0,4.3,5.0,5.0,31.0,0.2,87.8,00-0038611,Chris Rodriguez Jr.,RB,WAS,25.0,1.02,Medium,8,6,31.5,56.3,56.3,178.7
,,0.0,0.0,0.0,0.0,0.0,0.0,36.0,19.0,157.0,0.0,34.7,00-0038618,Xavier Hutchinson,WR,HOU,24.0,0.96,Medium,13,16,37.3,-2.5999999999999943,2.5999999999999943,-7.0
,,0.0,0.0,0.0,0.0,0.0,0.0,37.0,22.0,170.0,4.4,65.4,00-0038619,Andrei Iosivas,WR,CIN,25.0,0.99,Medium,9,17,119.9,-54.5,54.5,-45.5
,,0.0,0.0,0.0,0.0,0.0,0.0,98.0,61.0,698.0,0.0,130.8,00-0038621,DeMario Douglas,WR,NE,24.0,0.96,High,14,16,147.70000000000002,-16.900000000000006,16.900000000000006,-11.4
,,0.0,0.0,0.0,46.0,225.0,1.6,46.0,32.0,182.0,1.4,90.7,00-0038705,Emari Demercado,RB,ARI,26.0,1.0,Medium,11,13,54.7,36.0,36.0,65.8
,,0.0,0.0,0.0,0.0,0.0,0.0,24.0,16.0,128.0,0.0,28.8,00-0038720,Julian Hill,TE,MIA,24.0,0.88,Low,6,11,22.0,6.800000000000001,6.800000000000001,30.9
,,0.0,0.0,0.0,0.0,0.0,0.0,26.0,20.0,206.0,2.1,53.2,00-0038752,Jake Bobo,WR,SEA,26.0,1.02,High,14,11,29.7,23.500000000000004,23.500000000000004,79.1
,,0.0,0.0,0.0,85.0,459.0,1.1,34.0,29.0,151.0,1.0,102.6,00-0038794,Jaleel McLaughlin,RB,DEN,24.0,1.01,High,17,17,98.0,4.599999999999994,4.599999999999994,4.7
,,0.0,0.0,0.0,60.0,277.0,2.4,20.0,17.0,116.0,0.6,74.3,00-0038797,Emanuel Wilson,RB,GB,25.0,1.02,Low,7,18,99.9,-25.60000000000001,25.60000000000001,-25.6
,,0.0,0.0,0.0,0.0,0.0,0.0,30.0,13.0,195.0,0.0,32.5,00-0038821,Rakim Jarrett,WR,TB,24.0,0.96,Low,6,6,21.4,11.100000000000001,11.100000000000001,51.9
,,0.0,0.0,0.0,0.0,0.0,0.0,96.0,76.0,729.0,2.8,165.7,00-0038933,Dalton Kincaid,TE,BUF,25.0,0.94,High,18,16,113.9,51.79999999999998,51.79999999999998,45.5
,,0.0,0.0,0.0,0.0,0.0,0.0,46.0,26.0,422.0,0.0,68.2,00-0038938,Jalin Hyatt,WR,NYG,23.0,0.9,Medium,13,10,14.2,54.0,54.0,380.3
,,0.0,0.0,0.0,0.0,0.0,0.0,28.0,19.0,326.0,0.8,56.4,00-0038976,Marvin Mims Jr.,WR,DEN,22.0,0.82,High,15,17,132.8,-76.4,76.4,-57.5
,,0.0,0.0,0.0,0.0,0.0,0.0,111.0,70.0,1056.0,10.4,238.0,00-0038977,Tank Dell,WR,HOU,25.0,0.99,Medium,10,14,140.0,98.0,98.0,70.0
,,0.0,0.0,0.0,0.0,0.0,0.0,62.0,30.0,320.0,0.0,62.0,00-0038979,Cedric Tillman,WR,CLE,24.0,0.96,Medium,11,9,80.4,-18.400000000000006,18.400000000000006,-22.9
,,0.0,0.0,0.0,0.0,0.0,0.0,92.0,60.0,781.0,8.5,189.1,00-0038994,Jordan Addison,WR,MIN,23.0,0.9,High,17,16,218.4,-29.30000000000001,29.30000000000001,-13.4
,,0.0,0.0,0.0,0.0,0.0,0.0,48.0,35.0,368.0,2.9,89.2,00-0038996,Tucker Kraft,TE,GB,24.0,0.88,Medium,12,18,171.9,-82.7,82.7,-48.1
,,0.0,0.0,0.0,0.0,0.0,0.0,76.0,53.0,601.0,1.6,122.7,00-0038997,Josh Downs,WR,IND,23.0,0.9,High,17,14,182.2,-59.499999999999986,59.499999999999986,-32.7
,,0.0,0.0,0.0,85.0,369.0,2.1,34.0,29.0,178.0,1.0,102.3,00-0039021,Roschon Johnson,RB,CHI,24.0,1.01,High,15,12,77.4,24.89999999999999,24.89999999999999,32.2
,,0.0,0.0,0.0,82.0,370.0,1.6,65.0,48.0,355.0,1.9,141.5,00-0039032,Tyjae Spears,RB,TEN,23.0,0.95,High,17,12,113.6,27.900000000000006,27.900000000000006,24.6
,,0.0,0.0,0.0,128.0,946.0,9.4,51.0,36.0,259.0,1.5,221.9,00-0039040,De'Von Achane,RB,MIA,23.0,0.95,Medium,12,17,299.9,-77.99999999999997,77.99999999999997,-26.0
,,0.0,0.0,0.0,0.0,0.0,0.0,30.0,22.0,256.0,1.6,57.2,00-0039041,Elijah Higgins,TE,ARI,24.0,0.88,Medium,9,14,49.2,8.0,8.0,16.3
,,0.0,0.0,0.0,0.0,0.0,0.0,61.0,36.0,405.0,3.4,96.9,00-0039052,Trey Palmer,WR,TB,23.0,0.9,High,19,10,35.2,61.7,61.7,175.3
,,0.0,0.0,0.0,0.0,0.0,0.0,92.0,47.0,457.0,0.0,92.7,00-0039062,Jonathan Mingo,WR,CAR,23.0,0.9,High,15,8,22.6,70.1,70.1,310.2
,,0.0,0.0,0.0,0.0,0.0,0.0,92.0,47.0,457.0,0.0,92.7,00-0039062,Jonathan Mingo,WR,CAR,23.0,0.9,High,15,6,9.6,83.10000000000001,83.10000000000001,865.6
,,0.0,0.0,0.0,0.0,0.0,0.0,106.0,75.0,884.0,5.3,195.2,00-0039064,Zay Flowers,WR,BAL,24.0,0.96,High,18,17,209.5,-14.300000000000011,14.300000000000011,-6.8
,,0.0,0.0,0.0,0.0,0.0,0.0,97.0,71.0,707.0,7.3,185.5,00-0039065,Sam LaPorta,TE,DET,24.0,0.88,High,20,17,191.7,-6.199999999999989,6.199999999999989,-3.2
,,0.0,0.0,0.0,0.0,0.0,0.0,44.0,30.0,338.0,2.2,77.0,00-0039066,Michael Mayer,TE,LV,23.0,0.8,Medium,12,11,36.6,40.4,40.4,110.4
,,0.0,0.0,0.0,0.0,0.0,0.0,122.0,82.0,1199.0,5.0,231.9,00-0039075,Puka Nacua,WR,LA,23.0,0.9,High,18,13,232.4,-0.5,0.5,-0.2
,,0.0,0.0,0.0,165.0,851.0,10.2,68.0,50.0,328.0,2.0,241.1,00-0039139,Jahmyr Gibbs,RB,DET,22.0,0.88,High,18,18,390.4,-149.29999999999998,149.29999999999998,-38.2
,,0.0,0.0,0.0,0.0,0.0,0.0,54.0,41.0,428.0,2.0,95.8,00-0039144,Luke Musgrave,TE,GB,24.0,0.88,Medium,13,7,11.5,84.3,84.3,733.0
,,0.0,0.0,0.0,0.0,0.0,0.0,82.0,55.0,670.0,6.5,161.0,00-0039146,Jayden Reed,WR,GB,24.0,0.96,High,18,18,205.6,-44.599999999999994,44.599999999999994,-21.7
474.0,284.0,2589.0,9.9,9.0,228.0,269.0,0.0,0.0,0.0,0.0,0.0,152.1,00-0039150,Bryce Young,QB,CAR,23.0,0.86,High,16,14,195.02,-42.920000000000016,42.920000000000016,-22.0
461.0,269.0,3266.0,14.5,7.2,103.0,108.0,1.9,0.0,0.0,0.0,0.0,196.4,00-0039152,Will Levis,QB,TEN,25.0,0.95,Medium,9,12,119.94,76.46000000000001,76.46000000000001,63.7
468.0,299.0,3852.0,22.0,4.2,141.0,167.0,3.0,0.0,0.0,0.0,0.0,268.4,00-0039163,C.J. Stroud,QB,HOU,23.0,0.86,High,17,19,251.86,16.539999999999964,16.539999999999964,6.6
,,0.0,0.0,0.0,85.0,364.0,0.8,34.0,28.0,178.0,1.0,93.0,00-0039165,Zach Charbonnet,RB,SEA,24.0,1.01,High,16,17,183.7,-90.69999999999999,90.69999999999999,-49.4
