season,position,adp_round,avg_vorp_pg,median_vorp_pg,avg_fpts_pg,hit_rate,bust_rate,elite_rate,n
2021,QB,5,1.14,1.14,16.68,50.0,50.0,50.0,2
2021,QB,6,3.14,3.04,18.68,100.0,0.0,66.7,3
2021,QB,8,0.51,-3.06,16.05,33.3,66.7,33.3,3
2021,QB,10,-3.4,-3.4,12.14,50.0,50.0,50.0,2
2021,QB,11,-4.08,-2.9,11.46,0.0,100.0,0.0,3
2021,QB,12,-4.18,-4.18,11.36,0.0,100.0,0.0,2
2021,QB,13,0.29,0.29,15.83,50.0,50.0,0.0,2
2021,QB,15,-3.24,-3.24,12.3,50.0,50.0,0.0,2
2021,RB,1,5.37,3.3,13.1,77.8,0.0,55.6,9
2021,RB,2,2.0,1.63,9.73,50.0,25.0,25.0,4
2021,RB,3,3.41,2.56,11.14,100.0,0.0,50.0,4
2021,RB,4,0.02,-0.87,7.75,25.0,75.0,25.0,4
2021,RB,5,1.95,1.26,9.68,66.7,33.3,33.3,3
2021,RB,7,-4.07,-4.07,3.66,0.0,100.0,0.0,2
2021,RB,8,2.25,2.88,9.98,66.7,33.3,33.3,3
2021,RB,9,-3.06,-3.1,4.67,0.0,100.0,0.0,6
2021,RB,10,-3.44,-3.44,4.28,0.0,100.0,0.0,2
2021,RB,11,-3.83,-3.82,3.9,0.0,100.0,0.0,5
2021,RB,12,-2.72,-2.72,5.02,0.0,100.0,0.0,2
2021,RB,13,-3.4,-3.6,4.33,0.0,100.0,0.0,3
2021,RB,14,-5.55,-5.46,2.18,0.0,100.0,0.0,6
2021,TE,5,2.72,2.72,8.88,100.0,0.0,50.0,2
2021,TE,8,-1.38,-1.38,4.78,50.0,50.0,0.0,2
2021,TE,9,0.48,0.48,6.64,0.0,0.0,0.0,2
2021,TE,13,-2.12,-1.96,4.04,0.0,100.0,0.0,3
2021,TE,14,-0.83,-1.29,5.33,0.0,66.7,0.0,3
2021,WR,1,4.46,4.46,13.08,100.0,0.0,50.0,2
2021,WR,2,4.62,5.17,13.24,80.0,0.0,60.0,5
2021,WR,3,0.62,0.24,9.24,25.0,50.0,0.0,4
2021,WR,4,2.49,-0.27,11.11,33.3,50.0,33.3,6
2021,WR,5,1.45,2.28,10.07,60.0,40.0,20.0,5
2021,WR,6,-1.73,-1.74,6.89,0.0,75.0,0.0,4
2021,WR,7,-0.3,-2.22,8.32,25.0,75.0,25.0,4
2021,WR,8,-1.87,-2.45,6.75,20.0,80.0,0.0,5
2021,WR,9,-0.35,0.0,8.27,0.0,33.3,0.0,3
2021,WR,10,-2.14,-2.19,6.48,0.0,100.0,0.0,4
2021,WR,11,-4.9,-4.9,3.72,0.0,100.0,0.0,2
2021,WR,12,-1.3,-1.48,7.32,0.0,100.0,0.0,4
2021,WR,14,-3.63,-4.3,4.99,0.0,81.8,0.0,11
2021,WR,15,-4.12,-4.12,4.5,0.0,100.0,0.0,2
2022,QB,4,1.35,1.35,16.75,50.0,50.0,50.0,2
2022,QB,5,-0.48,-0.48,14.92,50.0,50.0,0.0,2
2022,QB,7,1.37,1.37,16.77,50.0,50.0,0.0,2
2022,QB,8,0.06,0.06,15.46,50.0,50.0,0.0,2
2022,QB,9,2.86,2.86,18.26,100.0,0.0,50.0,2
2022,QB,11,0.38,0.38,15.78,50.0,50.0,0.0,2
2022,QB,12,-4.22,-4.22,11.18,0.0,100.0,0.0,2
2022,QB,13,0.36,0.0,15.76,33.3,33.3,0.0,3
2022,QB,14,-8.76,-8.76,6.64,0.0,100.0,0.0,2
2022,RB,1,3.51,3.06,10.84,75.0,12.5,50.0,8
2022,RB,2,3.96,2.9,11.29,75.0,0.0,50.0,4
2022,RB,3,1.66,2.42,8.99,66.7,33.3,33.3,3
2022,RB,4,1.01,-0.64,8.34,25.0,50.0,25.0,4
2022,RB,5,-2.64,-2.64,4.7,0.0,100.0,0.0,2
2022,RB,6,-1.07,-0.62,6.26,20.0,80.0,0.0,5
2022,RB,7,1.24,1.62,8.57,66.7,33.3,0.0,3
2022,RB,8,-1.65,-3.72,5.68,33.3,66.7,33.3,3
2022,RB,9,-2.47,-1.62,4.86,0.0,100.0,0.0,3
2022,RB,11,0.13,-0.51,7.46,40.0,60.0,40.0,5
2022,RB,12,-4.38,-4.38,2.95,0.0,100.0,0.0,2
2022,RB,13,-3.26,-3.26,4.07,0.0,100.0,0.0,2
2022,RB,14,-3.01,-3.61,4.32,33.3,66.7,0.0,3
2022,TE,2,4.25,4.25,9.35,100.0,0.0,50.0,2
2022,TE,7,2.49,2.49,7.59,100.0,0.0,50.0,2
2022,TE,10,0.28,0.28,5.38,50.0,50.0,0.0,2
2022,TE,12,-0.93,-0.93,4.17,0.0,100.0,0.0,2
2022,TE,13,0.4,0.4,5.5,0.0,50.0,0.0,2
2022,TE,14,-0.43,0.04,4.67,0.0,33.3,0.0,3
2022,WR,1,9.18,9.43,18.06,100.0,0.0,100.0,3
2022,WR,2,4.53,3.22,13.41,80.0,20.0,60.0,5
2022,WR,3,2.35,2.69,11.23,75.0,0.0,25.0,4
2022,WR,4,0.0,0.31,8.88,16.7,33.3,0.0,6
2022,WR,5,0.92,0.44,9.8,50.0,50.0,25.0,4
2022,WR,6,-1.26,-1.16,7.62,0.0,75.0,0.0,4
2022,WR,7,-0.86,-1.88,8.02,33.3,66.7,0.0,3
2022,WR,8,-1.5,-1.22,7.38,0.0,80.0,0.0,5
2022,WR,9,0.15,1.2,9.03,66.7,33.3,33.3,3
2022,WR,10,-3.29,-2.36,5.59,0.0,100.0,0.0,3
2022,WR,11,-3.48,-2.26,5.4,0.0,100.0,0.0,7
2022,WR,12,-2.31,-2.08,6.57,0.0,100.0,0.0,5
2022,WR,13,-3.68,-3.68,5.2,0.0,100.0,0.0,2
2022,WR,14,-4.07,-4.28,4.81,0.0,100.0,0.0,5
2023,QB,3,-1.33,-2.92,14.51,33.3,66.7,0.0,3
2023,QB,4,-1.43,-2.68,14.41,33.3,66.7,0.0,3
2023,QB,7,0.82,0.82,16.66,50.0,50.0,0.0,2
2023,QB,8,-3.0,-3.0,12.84,50.0,50.0,50.0,2
2023,QB,11,1.5,1.5,17.34,50.0,0.0,0.0,2
2023,QB,13,-0.39,-1.08,15.45,33.3,66.7,0.0,3
2023,QB,14,-3.1,-3.1,12.74,50.0,50.0,0.0,2
2023,RB,1,4.76,2.34,12.7,100.0,0.0,25.0,4
2023,RB,2,2.99,1.4,10.93,66.7,0.0,33.3,3
2023,RB,3,1.55,0.0,9.49,40.0,40.0,20.0,5
2023,RB,4,1.16,-0.22,9.1,33.3,66.7,33.3,3
2023,RB,5,-1.74,-2.67,6.2,20.0,60.0,0.0,5
2023,RB,6,1.86,1.3,9.8,50.0,16.7,33.3,6
2023,RB,8,-3.61,-3.61,4.33,0.0,100.0,0.0,3
2023,RB,9,-4.48,-4.26,3.46,0.0,100.0,0.0,4
2023,RB,10,-0.66,-1.92,7.28,20.0,60.0,20.0,5
2023,RB,11,-4.03,-4.41,3.91,0.0,100.0,0.0,5
2023,RB,12,-3.47,-6.73,4.47,33.3,66.7,33.3,3
2023,RB,13,-2.87,-2.87,5.07,0.0,100.0,0.0,2
2023,RB,14,-3.72,-3.72,4.22,0.0,100.0,0.0,2
2023,TE,5,2.42,2.42,8.62,100.0,0.0,0.0,2
2023,TE,10,1.33,1.79,7.52,66.7,33.3,0.0,3
2023,TE,12,-0.62,-0.62,5.58,0.0,50.0,0.0,2
2023,TE,13,-0.7,-0.86,5.49,0.0,50.0,0.0,4
2023,WR,1,3.93,1.46,12.35,80.0,20.0,40.0,5
2023,WR,2,4.16,1.97,12.58,71.4,0.0,28.6,7
2023,WR,3,0.48,-0.06,8.9,20.0,60.0,20.0,5
2023,WR,4,0.05,-0.56,8.47,25.0,50.0,0.0,4
2023,WR,5,-0.65,-0.14,7.77,0.0,60.0,0.0,5
2023,WR,6,0.57,-0.53,8.99,16.7,66.7,16.7,6
2023,WR,7,-3.17,-3.63,5.25,0.0,100.0,0.0,3
2023,WR,8,-1.61,-1.84,6.82,16.7,83.3,16.7,6
2023,WR,9,-2.82,-1.65,5.6,0.0,100.0,0.0,5
2023,WR,10,-4.58,-4.29,3.84,0.0,100.0,0.0,3
2023,WR,11,-2.63,-4.18,5.79,20.0,80.0,0.0,5
2023,WR,12,-3.53,-3.0,4.89,0.0,100.0,0.0,5
2023,WR,13,-4.67,-4.67,3.75,0.0,100.0,0.0,2
2023,WR,14,-6.0,-6.04,2.42,0.0,100.0,0.0,7
2024,QB,3,-0.39,-0.39,14.71,50.0,50.0,0.0,2
2024,QB,4,0.79,1.34,15.89,66.7,33.3,0.0,3
2024,QB,6,-1.42,-1.42,13.68,0.0,100.0,0.0,2
2024,QB,7,4.8,4.8,19.9,100.0,0.0,50.0,2
2024,QB,8,1.18,1.18,16.28,50.0,50.0,50.0,2
2024,QB,10,-1.26,-1.91,13.84,25.0,75.0,0.0,4
2024,QB,14,-3.41,-4.1,11.69,0.0,100.0,0.0,3
2024,RB,1,6.3,7.22,14.93,100.0,0.0,66.7,6
2024,RB,2,4.44,7.5,13.07,60.0,20.0,60.0,5
2024,RB,3,3.38,3.6,12.01,75.0,25.0,50.0,4
2024,RB,4,3.57,3.57,12.2,100.0,0.0,50.0,2
2024,RB,5,0.56,0.04,9.18,25.0,50.0,25.0,4
2024,RB,6,-4.23,-5.61,4.4,0.0,100.0,0.0,3
2024,RB,7,-0.66,-1.3,7.97,0.0,66.7,0.0,3
2024,RB,8,-2.79,-1.95,5.84,0.0,80.0,0.0,5
2024,RB,9,-7.18,-7.18,1.45,0.0,100.0,0.0,2
2024,RB,10,-3.44,-3.5,5.19,0.0,80.0,0.0,5
2024,RB,11,0.23,-0.03,8.86,50.0,50.0,50.0,4
2024,RB,13,-1.91,-1.91,6.72,0.0,50.0,0.0,2
2024,RB,14,-6.62,-6.62,2.0,0.0,100.0,0.0,2
2024,TE,3,1.92,1.92,7.52,100.0,0.0,0.0,2
2024,TE,5,5.22,5.22,10.82,100.0,0.0,100.0,2
2024,TE,8,-0.38,-0.38,5.22,0.0,50.0,0.0,2
2024,TE,10,0.93,0.21,6.53,33.3,33.3,33.3,3
2024,TE,12,-0.57,-0.57,5.03,0.0,100.0,0.0,2
2024,WR,1,4.3,4.2,13.71,83.3,16.7,66.7,6
2024,WR,2,-0.34,-0.99,9.06,33.3,66.7,33.3,6
2024,WR,3,0.09,-0.48,9.5,33.3,50.0,16.7,6
2024,WR,4,0.69,-0.32,10.1,25.0,50.0,25.0,4
2024,WR,5,-0.4,-1.59,9.01,28.6,71.4,14.3,7
2024,WR,6,2.01,5.19,11.42,60.0,40.0,60.0,5
2024,WR,7,-3.32,-3.54,6.09,0.0,100.0,0.0,4
2024,WR,8,-1.59,-0.34,7.82,0.0,66.7,0.0,3
2024,WR,9,-1.76,-1.49,7.65,0.0,60.0,0.0,5
2024,WR,10,-6.34,-6.15,3.07,0.0,100.0,0.0,4
2024,WR,11,0.79,0.67,10.2,33.3,33.3,33.3,3
2024,WR,12,0.82,-2.25,10.23,33.3,66.7,33.3,3
2024,WR,14,-5.23,-6.04,4.18,0.0,100.0,0.0,6
2025,QB,3,1.38,1.56,15.14,50.0,50.0,50.0,4
2025,QB,5,-0.27,-0.27,13.49,0.0,50.0,0.0,2
2025,QB,8,2.53,4.56,16.29,66.7,33.3,66.7,3
2025,QB,10,-0.57,-1.05,13.2,50.0,50.0,25.0,4
2025,QB,11,-0.72,-0.72,13.04,0.0,100.0,0.0,2
2025,RB,1,4.7,6.15,12.42,71.4,0.0,71.4,7
2025,RB,2,3.84,1.62,11.56,100.0,0.0,40.0,5
2025,RB,3,0.81,0.0,8.53,33.3,33.3,33.3,3
2025,RB,4,-0.46,-0.3,7.26,0.0,66.7,0.0,3
2025,RB,5,-0.27,0.48,7.45,0.0,25.0,0.0,4
2025,RB,6,-3.25,-2.45,4.47,0.0,100.0,0.0,4
2025,RB,8,-0.84,-0.84,6.88,0.0,50.0,0.0,2
2025,RB,9,-0.31,-0.31,7.42,50.0,50.0,50.0,2
2025,RB,11,-1.74,-0.44,5.98,0.0,50.0,0.0,4
2025,RB,12,-4.34,-4.9,3.38,0.0,100.0,0.0,4
2025,RB,13,-5.23,-5.2,2.49,0.0,100.0,0.0,3
2025,TE,10,2.26,2.26,8.56,50.0,50.0,50.0,2
2025,TE,12,0.9,-0.96,7.2,33.3,66.7,33.3,3
2025,WR,1,2.61,2.77,10.58,80.0,0.0,40.0,5
2025,WR,2,2.94,2.07,10.91,80.0,20.0,40.0,5
2025,WR,3,0.94,-0.63,8.91,25.0,62.5,25.0,8
2025,WR,4,2.07,0.91,10.04,40.0,40.0,40.0,5
2025,WR,5,-0.32,0.33,7.64,50.0,50.0,0.0,4
2025,WR,6,-1.35,-1.61,6.62,28.6,71.4,14.3,7
2025,WR,7,0.13,-0.57,8.1,28.6,71.4,14.3,7
2025,WR,8,-3.14,-3.56,4.83,0.0,100.0,0.0,3
2025,WR,9,-1.4,-2.62,6.57,33.3,66.7,0.0,3
2025,WR,10,-3.92,-4.53,4.05,0.0,100.0,0.0,3
